-- phpMyAdmin SQL Dump
-- version 5.2.1
-- https://www.phpmyadmin.net/
--
-- Host: 127.0.0.1
-- Generation Time: Aug 28, 2024 at 08:07 AM
-- Server version: 10.4.32-MariaDB
-- PHP Version: 8.2.12

SET SQL_MODE = "NO_AUTO_VALUE_ON_ZERO";
START TRANSACTION;
SET time_zone = "+00:00";


/*!40101 SET @OLD_CHARACTER_SET_CLIENT=@@CHARACTER_SET_CLIENT */;
/*!40101 SET @OLD_CHARACTER_SET_RESULTS=@@CHARACTER_SET_RESULTS */;
/*!40101 SET @OLD_COLLATION_CONNECTION=@@COLLATION_CONNECTION */;
/*!40101 SET NAMES utf8mb4 */;

--
-- Database: `postdb`
--

-- --------------------------------------------------------

--
-- Table structure for table `cities`
--

CREATE TABLE `cities` (
  `city_id` int(100) NOT NULL,
  `city_name` varchar(100) NOT NULL
) ENGINE=InnoDB DEFAULT CHARSET=utf8mb4 COLLATE=utf8mb4_general_ci;

--
-- Dumping data for table `cities`
--

INSERT INTO `cities` (`city_id`, `city_name`) VALUES
(1, 'MUMBAI'),
(2, 'NASHIK'),
(3, 'SANGAMNER'),
(4, 'D.RAJA'),
(5, 'HUBLI'),
(6, 'AHMEDNAGAR'),
(7, 'PUNE'),
(8, 'LONI'),
(9, 'DEVPUR'),
(10, 'AMRAWATI'),
(11, 'A.NAGAR'),
(12, 'NEW DELHI'),
(13, 'ULHASNAGAR'),
(14, 'NAGAR'),
(15, 'SATARA'),
(16, 'TALEGAONDABHADE'),
(17, 'DHARAMPUR'),
(18, 'DHULIA'),
(19, 'BANGLORE'),
(20, 'BOMBAY'),
(21, 'ANDHERI WEST'),
(22, 'SOLAPUR'),
(23, 'KANNAD'),
(24, 'PATHARDI'),
(25, 'PARBHANI'),
(26, 'GUWAHATI'),
(27, 'GUWAHATI(ASSAM)'),
(28, 'BARAMALA'),
(29, 'SILGURI'),
(30, 'N.AHMEDNAGER'),
(31, 'AKOLA'),
(32, 'NEWASA'),
(33, 'WASHI'),
(34, 'FARIDABAD'),
(35, 'JAMKHED'),
(36, 'GEVRAI'),
(37, 'AURANGABAD'),
(38, 'GAUHATI'),
(39, 'SANGLI'),
(40, 'HINGOLI'),
(41, 'GHAZIABAD'),
(42, 'KASHTI'),
(43, 'U.S.A.'),
(44, 'AMRAVATI'),
(45, 'DEWLHI'),
(46, 'DELHI'),
(47, 'CHENNAI'),
(48, 'LATUR'),
(49, 'RAHURINANDED'),
(50, 'KOLKATA'),
(51, 'KHAMGAON'),
(52, 'SWEEDAN'),
(53, 'NAVI MUMBAI'),
(54, 'NEW DELHI-05'),
(55, 'MUMBAI-01'),
(56, 'SURENDRANAGAR'),
(57, 'PUNE-04'),
(58, 'BARAMATI'),
(59, 'NOIDA'),
(60, 'SHRIRAMPUR'),
(61, 'DEVLALI PRAVARA'),
(62, 'KOLHAPUR'),
(63, 'SINNER'),
(64, 'ATUL 396020'),
(65, 'MANTHA'),
(66, 'PANVEL'),
(67, 'GADCHIROLI'),
(68, 'SHRIGONDA'),
(69, 'SILLOD'),
(70, 'OSMANABAD'),
(71, 'WADGAON HAWELI'),
(72, 'NAGPUR'),
(73, 'INDORE'),
(74, 'JALGAON'),
(75, 'MURUD'),
(76, 'AMRUTNAGAR'),
(77, 'NO'),
(78, 'LASUR STATION'),
(79, 'KOPARGAON'),
(80, 'COIMBATORE'),
(81, 'WADGAON'),
(82, 'AMBAD'),
(83, 'PAREL'),
(84, 'BHANGAON'),
(85, 'CHANDRAPUR'),
(86, 'USMANABAD'),
(87, 'KHRTIYA'),
(88, 'PARLI VAIJNATH'),
(89, 'PHALTAN'),
(90, 'GANGAPUR'),
(91, 'TRICHY'),
(92, 'TRICHIRAPALLI'),
(93, 'NIMGAON KHAIRI'),
(94, 'KANNUJ'),
(95, 'MALKAPUR'),
(96, 'RAJGURUNAGAR'),
(97, 'NAMBIYUR'),
(98, 'BULDHANA'),
(99, 'SHANDURNI'),
(100, 'SALEKSA GONDIY'),
(101, 'KANDHAPUR'),
(102, 'BHATKUDGAON'),
(103, 'MALEGAON'),
(104, 'DEVRAI'),
(105, 'SATHYAMANGALAM'),
(106, 'CHIDAMBARAM'),
(107, 'TERUCHIRPPALLI'),
(108, 'NASHIK ROAD'),
(109, 'NOIDA 201301'),
(110, 'SIRALA'),
(111, 'TILAKNAGAR'),
(112, 'VANI'),
(113, 'WARI'),
(114, 'MANWAT'),
(115, 'PALDHI'),
(116, 'MADANPALLI'),
(117, 'SELU'),
(118, 'JALANA'),
(119, 'ERANDOL'),
(120, 'ANANTPUR'),
(121, 'HINDPUR'),
(122, 'HINDPUR(A.P.)'),
(123, 'HYDERABAD'),
(124, 'KADAPA'),
(125, 'TAMILNADU'),
(126, 'HINDUPUR'),
(127, 'CHIPLUN'),
(128, 'BURHANPUR'),
(129, 'AKALWADI'),
(130, 'THANE'),
(131, 'PAROLA'),
(132, 'AMALNER'),
(133, 'TUMKUR'),
(134, 'VAMBORI'),
(135, 'NOIDA(U.P)'),
(136, 'RADHOGHAD'),
(137, 'EGATPURI'),
(138, 'GHATKOPAR'),
(139, 'LACKNOW'),
(140, 'MANGALWEDHA'),
(141, 'SASWAD'),
(142, 'RUI'),
(143, 'PUNE-37'),
(144, 'ISLAMPUR'),
(145, 'SAWANTWADI'),
(146, 'BEED'),
(147, 'NANDURA'),
(148, 'AMBIKAPUR'),
(149, 'TAKALI DHOKESHWAR'),
(150, 'BARSHI'),
(151, 'SURENDRANAGAR (GJ)'),
(152, 'SHETRAMAULI'),
(153, 'DAMAN'),
(154, 'NANI DAMAN'),
(155, 'WAMBORI'),
(156, 'NIGUD MAJALGAON'),
(157, 'VAJIRABAD'),
(158, 'YEOLA/NAKHA'),
(159, 'DHULIA'),
(160, 'BHILWARA'),
(161, 'MUMBAI-03'),
(162, 'MUMBAI-09'),
(163, 'ALANDI DEWACHI'),
(164, 'ALANDI');

-- --------------------------------------------------------

--
-- Table structure for table `dept`
--

CREATE TABLE `dept` (
  `dept_id` int(100) NOT NULL,
  `dept_name` varchar(100) NOT NULL,
  `status` char(1) NOT NULL
) ENGINE=InnoDB DEFAULT CHARSET=utf8mb4 COLLATE=utf8mb4_general_ci;

--
-- Dumping data for table `dept`
--

INSERT INTO `dept` (`dept_id`, `dept_name`, `status`) VALUES
(1, 'A.S.M.', 'A'),
(2, 'A.M.M.', 'A'),
(3, 'ACCOUNTS', 'A'),
(4, 'AKOLE ROAD', 'A'),
(5, 'AUDIT', 'A'),
(6, 'CONSTRUCTION', 'A'),
(7, 'D.A.M.', 'A'),
(8, 'D.S.M.', 'A'),
(9, 'E.D.P.', 'A'),
(10, 'ESTATE', 'A'),
(11, 'EXCISE', 'A'),
(12, 'G.M.M.', 'A'),
(13, 'GENERAL', 'A'),
(14, 'INDUSTRIES', 'A'),
(15, 'LEGAL', 'A'),
(16, 'M.D.M.', 'A'),
(17, 'M.M.M.', 'A'),
(18, 'NITT', 'A'),
(19, 'O.D.M.', 'A'),
(20, 'OTHER', 'A'),
(21, 'PERSONNEL', 'A'),
(22, 'PRAFULLA', 'A'),
(23, 'PURCHASE', 'A'),
(24, 'R.M.M.', 'A'),
(25, 'R.O.M.', 'A'),
(26, 'RELIANCE GAS', 'A'),
(27, 'S.G.M.', 'A'),
(28, 'S.R.M.', 'A'),
(29, 'S.O.M.', 'A'),
(30, 'SALES', 'A'),
(31, 'SALES A/C', 'A'),
(32, 'FINANCE', 'A'),
(33, 'D.G.M', 'A'),
(34, 'RENEWABLE', 'A'),
(35, 'LOM', 'I'),
(36, 'SMM', 'I'),
(37, 'I.H.M', 'A'),
(38, 'S.J.M', 'A'),
(39, 'BRM', 'I'),
(40, 'M.M.M', 'I'),
(41, 'LOM', 'I'),
(42, 'SMM', 'I'),
(43, 'L.O.M', 'A'),
(44, 'S.M.M', 'A'),
(45, 'B.R.M', 'A'),
(46, 'H.R.M', 'I'),
(47, 'J.M.M', 'A'),
(48, 'H.R.M', 'A'),
(49, 'J.M.M', 'A'),
(50, 'Y.S.M', 'A');

-- --------------------------------------------------------

--
-- Table structure for table `firms`
--

CREATE TABLE `firms` (
  `firm_id` int(100) NOT NULL,
  `firm_name` varchar(500) NOT NULL,
  `status` char(1) NOT NULL
) ENGINE=InnoDB DEFAULT CHARSET=utf8mb4 COLLATE=utf8mb4_general_ci;

--
-- Dumping data for table `firms`
--

INSERT INTO `firms` (`firm_id`, `firm_name`, `status`) VALUES
(1, 'ABMM', 'A'),
(2, 'DHRUV', 'A'),
(3, 'DJM', 'A'),
(4, 'GEETA PARI.', 'A'),
(5, 'GIRIRAJ AUTO', 'A'),
(6, 'GIRIRAJ ENTERPRISES HOTEL & MOTEL', 'A'),
(7, 'GIRIRAJ H.O.', 'A'),
(8, 'GIRIRAJ RETAILS', 'A'),
(9, 'HEALTH CLUB', 'A'),
(10, 'JARDA ASSO.', 'A'),
(11, 'LEARN MORE', 'I'),
(12, 'MALPANI INSTITUTE', 'A'),
(13, 'MAP', 'A'),
(14, 'MTC', 'I'),
(15, 'OTHER', 'A'),
(16, 'PARIWAR TRU', 'A'),
(17, 'SARGAM', 'I'),
(18, 'test', 'I'),
(19, 'MALPANI RETAILS PVT LTD', 'A'),
(20, 'ARIHANT EDUCATION FOUNDATION', 'A'),
(21, 'SKINVEST  CARE PRIVATE LIMITED', 'A'),
(22, 'IMAGICA ENTERTAINMENT LTD-WATERPARK SHIRDI', 'A'),
(23, 'GIRIRAJ WINDMILL', 'A'),
(24, 'MAHARASHTRA YOGASNA SPORTS ASSO', 'A'),
(25, 'IMAGICA  ENTERTAINMENT LTD-WATERPARK LONAVALA', 'A'),
(26, 'SARGAM RETAILS PVT LTD', 'A'),
(27, 'AMUSEMENT PARK LONAVALA', 'A'),
(28, 'GIRIRAJ MULTY ACTIVITY PARK', 'A'),
(29, 'GIRIRAJ SAFFRON', 'A'),
(30, 'GIRIRAJ SOLAR', 'I'),
(31, 'MALPANI FOUNDATION', 'A'),
(32, 'MALPANI PARIWAR TRUST', 'A'),
(33, 'GIRIRAJ ENT. SOLAR', 'A'),
(34, 'MALPANI PRODUCT .PVT.LTD', 'A'),
(35, 'MALPANI TEA CORPORATION ', 'A'),
(36, 'MALPANI ESTATES', 'A'),
(37, 'FASTTRACK ', 'A'),
(38, 'MAHESH SEVA NIDHI', 'A');

-- --------------------------------------------------------

--
-- Table structure for table `mst_company`
--

CREATE TABLE `mst_company` (
  `comp_id` varchar(10) NOT NULL,
  `comp_name` varchar(500) NOT NULL,
  `comp_address` varchar(500) NOT NULL
) ENGINE=InnoDB DEFAULT CHARSET=utf8mb4 COLLATE=utf8mb4_general_ci;

-- --------------------------------------------------------

--
-- Table structure for table `post_entry`
--

CREATE TABLE `post_entry` (
  `sr_no` int(10) NOT NULL,
  `entry_id` int(11) NOT NULL,
  `entry_date` date NOT NULL,
  `post_type` varchar(10) NOT NULL,
  `party_name` varchar(500) NOT NULL,
  `dept_id` int(100) NOT NULL,
  `firm_id` int(100) NOT NULL,
  `city_name` varchar(500) NOT NULL,
  `remark` varchar(500) NOT NULL,
  `receipt_no` varchar(100) NOT NULL,
  `qty` int(100) NOT NULL,
  `flag` char(1) NOT NULL,
  `fr_machine` char(1) NOT NULL,
  `charges` int(10) NOT NULL,
  `rec_no` varchar(100) DEFAULT NULL,
  `rec_date` date DEFAULT NULL,
  `ret` varchar(100) NOT NULL,
  `status` char(1) NOT NULL,
  `c_at` datetime NOT NULL,
  `c_by` int(11) NOT NULL,
  `u_at` datetime NOT NULL,
  `u_by` int(11) NOT NULL
) ENGINE=InnoDB DEFAULT CHARSET=utf8mb4 COLLATE=utf8mb4_general_ci;

--
-- Dumping data for table `post_entry`
--

INSERT INTO `post_entry` (`sr_no`, `entry_id`, `entry_date`, `post_type`, `party_name`, `dept_id`, `firm_id`, `city_name`, `remark`, `receipt_no`, `qty`, `flag`, `fr_machine`, `charges`, `rec_no`, `rec_date`, `ret`, `status`, `c_at`, `c_by`, `u_at`, `u_by`) VALUES
(1, 1, '2024-07-30', '10', 'NEW SARASWATI HOUSE INDIA PVT LTD', 1, 2, 'GHAZIABAD', 'BHANDURGE', '123', 1, 'I', '', 0, NULL, NULL, '', 'A', '0000-00-00 00:00:00', 0, '0000-00-00 00:00:00', 0),
(2, 2, '2024-07-25', '10', 'APARNA MADAM', 3, 19, 'pune', 'acount', '', 1, 'O', '', 0, NULL, NULL, '', 'A', '0000-00-00 00:00:00', 0, '0000-00-00 00:00:00', 0),
(3, 3, '2024-08-05', '9', 'AMAZON', 47, 26, 'HARYANA', 'JMM', '343086525778', 1, 'I', '', 0, NULL, NULL, '', 'I', '0000-00-00 00:00:00', 0, '0000-00-00 00:00:00', 0),
(4, 5, '2024-07-25', '1', 'SHREETA REGE', 3, 19, 'PUNE', 'BAPTE', '', 1, 'O', '', 0, NULL, NULL, '', 'A', '0000-00-00 00:00:00', 0, '0000-00-00 00:00:00', 0),
(5, 6, '2024-07-26', '10', 'SANDEEP DADABHAU KADLAG', 30, 19, 'BIDAR', 'BHANGIRE', '', 1, 'O', '', 0, NULL, NULL, '', 'A', '0000-00-00 00:00:00', 0, '0000-00-00 00:00:00', 0),
(6, 1, '2024-07-30', '10', 'NEW SARASWATI HOUSE INDIA PVT LTD', 29, 4, 'GHAZIABAD', 'BHANDURGE', '', 1, 'O', '', 0, NULL, NULL, '', 'A', '0000-00-00 00:00:00', 0, '0000-00-00 00:00:00', 0),
(7, 2, '2024-07-29', '11', 'SUMEDHA JAYANT DESHMUKH', 29, 4, 'MANDANGAD,RATNAGIRI', 'SOM', '', 1, 'O', '', 5, NULL, NULL, '', 'A', '0000-00-00 00:00:00', 0, '0000-00-00 00:00:00', 0),
(8, 3, '2024-08-05', '9', 'AMAZON', 47, 26, 'HARYANA', 'JMM', '343086525778', 1, 'O', '', 0, NULL, NULL, '', 'I', '0000-00-00 00:00:00', 0, '0000-00-00 00:00:00', 0),
(9, 4, '2024-04-01', '10', 'BIANCA ARORA', 29, 4, 'MUMBAI', '2KG', '253120372122', 1, 'O', '', 80, NULL, NULL, '', 'A', '0000-00-00 00:00:00', 0, '0000-00-00 00:00:00', 0),
(10, 5, '2024-07-29', '10', 'GANESH VISHWANATH GOSAVI', 29, 4, 'KALYAN E,THANE', 'SOM', '', 1, 'O', '', 0, NULL, NULL, '', 'A', '0000-00-00 00:00:00', 0, '0000-00-00 00:00:00', 0),
(11, 6, '2024-07-29', '10', 'DR MEENAKSHI KAMATH', 29, 4, 'BANGALORE', 'SOM', '', 1, 'O', '', 0, NULL, NULL, '', 'A', '0000-00-00 00:00:00', 0, '0000-00-00 00:00:00', 0),
(12, 7, '2024-07-29', '11', 'BAMMIDI SUGUNA MANI', 29, 4, 'SRIKAKULAM,AP', 'SOM', '', 1, 'O', '', 5, NULL, NULL, '', 'A', '0000-00-00 00:00:00', 0, '0000-00-00 00:00:00', 0),
(13, 8, '2024-07-29', '10', 'NIDHI MUNDRA', 29, 4, 'BEAWAR,RJ', 'SOM', '', 1, 'O', '', 0, NULL, NULL, '', 'A', '0000-00-00 00:00:00', 0, '0000-00-00 00:00:00', 0),
(14, 10, '2024-07-29', '10', 'VINODA SHETTY', 29, 4, 'PANAJI ,GOA', 'SOM', '', 1, 'O', '', 0, NULL, NULL, '', 'A', '0000-00-00 00:00:00', 0, '0000-00-00 00:00:00', 0),
(15, 11, '2024-07-29', '10', 'PADMAVATHI KUNUMURI', 29, 4, 'BHAGYANAGAR,TELANGANA', 'SOM', '', 1, 'O', '', 0, NULL, NULL, '', 'A', '0000-00-00 00:00:00', 0, '0000-00-00 00:00:00', 0),
(16, 12, '2024-07-29', '10', 'VANDANA ANKUSH MADEKAR', 29, 4, 'NAGPUR', 'SOM', '', 1, 'O', '', 0, NULL, NULL, '', 'A', '0000-00-00 00:00:00', 0, '0000-00-00 00:00:00', 0),
(17, 13, '2024-07-29', '10', 'REKHA PATEL', 29, 4, 'AJMER,RJ', 'SOM', '', 1, 'O', '', 0, NULL, NULL, '', 'A', '0000-00-00 00:00:00', 0, '0000-00-00 00:00:00', 0),
(18, 14, '2024-07-29', '11', 'MEENAL GHATTUWAR', 29, 4, 'BALAGHAT,MP', 'SOM', '', 1, 'O', '', 5, NULL, NULL, '', 'A', '0000-00-00 00:00:00', 0, '0000-00-00 00:00:00', 0),
(19, 15, '2024-07-29', '10', 'ISH KUMAR', 29, 4, 'GHAZIABAD,UP', 'SOM', '', 1, 'O', '', 0, NULL, NULL, '', 'A', '0000-00-00 00:00:00', 0, '0000-00-00 00:00:00', 0),
(20, 16, '2024-07-29', '10', 'MEENA MAHINDRAKAR', 29, 4, 'PUNE,DHANORI', 'SOM', '', 1, 'O', '', 0, NULL, NULL, '', 'A', '0000-00-00 00:00:00', 0, '0000-00-00 00:00:00', 0),
(21, 17, '2024-07-29', '10', 'SUDHA RANI JONNALAGADDA', 29, 4, 'NAGPUR,MH', 'SOM', '', 1, 'O', '', 0, NULL, NULL, '', 'A', '0000-00-00 00:00:00', 0, '0000-00-00 00:00:00', 0),
(22, 18, '2024-07-29', '10', 'SMITA TUSHAR APTE', 29, 4, 'SANGLI,MH', 'SOM', '', 1, 'O', '', 0, NULL, NULL, '', 'A', '0000-00-00 00:00:00', 0, '0000-00-00 00:00:00', 0),
(23, 19, '2024-07-29', '10', 'SHUBHASHREE RAMESHWAR GATTANI', 29, 4, 'CHH SAMBHAJINAGAR', 'SOM', '', 1, 'O', '', 0, NULL, NULL, '', 'A', '0000-00-00 00:00:00', 0, '0000-00-00 00:00:00', 0),
(24, 20, '2024-07-29', '10', 'TUMULURI SRINIVAS', 29, 4, 'BHAGYANAGAR,TELANGANA', 'SOM', '', 1, 'O', '', 0, NULL, NULL, '', 'A', '0000-00-00 00:00:00', 0, '0000-00-00 00:00:00', 0),
(25, 21, '2024-07-29', '11', 'ASAVARI SHANKAR JOSHI', 29, 4, 'PUNE', 'SOM', '', 1, 'O', '', 5, NULL, NULL, '', 'A', '0000-00-00 00:00:00', 0, '0000-00-00 00:00:00', 0),
(26, 22, '2024-07-29', '11', 'VAISHNAVI PODDATURI', 29, 4, 'BHONGIR,TELANGANA', 'SOM', '', 1, 'O', '', 5, NULL, NULL, '', 'A', '0000-00-00 00:00:00', 0, '0000-00-00 00:00:00', 0),
(27, 23, '2024-07-29', '10', 'KALPANA GOSWAMI', 29, 4, 'BANGALORE', 'SOM', '', 1, 'O', '', 0, NULL, NULL, '', 'A', '0000-00-00 00:00:00', 0, '0000-00-00 00:00:00', 0),
(28, 24, '2024-07-29', '10', 'K RISHIKESAN', 29, 4, 'BANGALORE', 'SOM', '', 0, 'O', '', 0, NULL, NULL, '', 'A', '0000-00-00 00:00:00', 0, '0000-00-00 00:00:00', 0),
(29, 25, '2024-07-29', '11', 'VIJAYA KUMARI BYGARI', 29, 4, 'MADANAPALLE,AP', 'SOM', '', 1, 'O', '', 6, NULL, NULL, '', 'A', '0000-00-00 00:00:00', 0, '0000-00-00 00:00:00', 0),
(30, 26, '2024-07-29', '11', 'RAJESH TIWARI', 29, 4, 'CHHATTISGARH', 'SOM', '', 1, 'O', '', 7, NULL, NULL, '', 'A', '0000-00-00 00:00:00', 0, '0000-00-00 00:00:00', 0),
(31, 27, '2024-07-29', '10', 'SHEELA MANOJKUMAR RAWAT', 29, 4, 'BHUSAWAL,MHA', 'SOM', '', 1, 'O', '', 0, NULL, NULL, '', 'A', '0000-00-00 00:00:00', 0, '0000-00-00 00:00:00', 0),
(32, 28, '2024-07-29', '11', 'VEENA GUPTA', 29, 4, 'SAHARANPUR,UP', 'SOM', '', 1, 'O', '', 5, NULL, NULL, '', 'A', '0000-00-00 00:00:00', 0, '0000-00-00 00:00:00', 0),
(33, 29, '2024-07-29', '10', 'ABHA JOSHI', 29, 4, 'DELHI', 'SOM', '', 1, 'O', '', 0, NULL, NULL, '', 'A', '0000-00-00 00:00:00', 0, '0000-00-00 00:00:00', 0),
(34, 30, '2024-07-30', '10', 'DIVIJ NIKHIL KONDE', 29, 4, 'THANE W', 'SOM', '', 1, 'O', '', 0, NULL, NULL, '', 'A', '0000-00-00 00:00:00', 0, '0000-00-00 00:00:00', 0),
(35, 31, '2024-07-29', '10', 'AVISHI TARE', 29, 4, 'KHARGAON,MP', 'SOM', '', 1, 'O', '', 0, NULL, NULL, '', 'A', '0000-00-00 00:00:00', 0, '0000-00-00 00:00:00', 0),
(36, 32, '2024-07-29', '11', 'KUSUMA VEMULA', 29, 4, 'ANANTAPUR,AP', 'SOM', '', 1, 'O', '', 5, NULL, NULL, '', 'A', '0000-00-00 00:00:00', 0, '0000-00-00 00:00:00', 0),
(37, 33, '2024-07-29', '10', 'VYANKATESH SANTOSH PUROHIT', 29, 4, 'PARBHANI', 'SOM', '', 1, 'O', '', 0, NULL, NULL, '', 'A', '0000-00-00 00:00:00', 0, '0000-00-00 00:00:00', 0),
(38, 1, '2024-07-30', '9', 'NEW SARASWATI HOUSE INDIA PVT LTD', 8, 14, 'GHAZIABAD', 'BHANDURGE', '230220184152', 1, 'I', '', 0, NULL, NULL, '', 'A', '0000-00-00 00:00:00', 0, '0000-00-00 00:00:00', 0),
(39, 2, '2024-07-29', '9', 'JAIN GOLI GOLI BHANDAR', 31, 19, 'SILOD,AKOLA', 'GAURAV SIR', '270110343677', 1, 'I', '', 0, NULL, NULL, '', 'A', '0000-00-00 00:00:00', 0, '0000-00-00 00:00:00', 0),
(40, 3, '2024-08-05', '9', 'AMAZON', 47, 26, 'HARYANA', 'JMM', '343086525778', 1, 'I', '', 0, NULL, NULL, '', 'I', '0000-00-00 00:00:00', 0, '0000-00-00 00:00:00', 0),
(41, 4, '2024-04-01', '10', 'BIANCA ARORA', 8, 14, 'MUMBAI', '2KG', '253120372122', 1, 'I', '', 80, NULL, NULL, '', 'A', '0000-00-00 00:00:00', 0, '0000-00-00 00:00:00', 0),
(42, 5, '2024-07-29', '9', 'MUNDHRA TEA COMPANY', 8, 14, 'GUWAHATI', 'A ROAD', '17482142344', 1, 'I', '', 0, NULL, NULL, '', 'A', '0000-00-00 00:00:00', 0, '0000-00-00 00:00:00', 0),
(43, 6, '2024-07-29', '9', 'MSP CORPORATION', 8, 14, 'KOLKATA', 'A ROAD', '24021200024670', 1, 'I', '', 0, NULL, NULL, '', 'A', '0000-00-00 00:00:00', 0, '0000-00-00 00:00:00', 0),
(44, 7, '2024-07-29', '9', 'KUSHAL ENTERPRISES', 8, 14, 'MUMBA', 'A ROAD', '24072783034', 1, 'I', '', 0, NULL, NULL, '', 'A', '0000-00-00 00:00:00', 0, '0000-00-00 00:00:00', 0),
(45, 8, '2024-07-29', '9', 'VIJAYA TEA TRADING ', 8, 14, 'MUMBAI', 'A ROAD', '24072769617', 1, 'I', '', 0, NULL, NULL, '', 'A', '0000-00-00 00:00:00', 0, '0000-00-00 00:00:00', 0),
(46, 34, '2024-07-29', '11', 'E PERUMAL', 29, 4, 'PERUNGULAM,RAMANATHAPURAM,TAMIL NADU', 'SOM', '', 1, 'O', '', 5, NULL, NULL, '', 'A', '0000-00-00 00:00:00', 0, '0000-00-00 00:00:00', 0),
(47, 35, '2024-07-29', '11', 'ANITA CHANDAK', 29, 4, 'NAGPUR', 'SOM', '', 1, 'O', '', 5, NULL, NULL, '', 'A', '0000-00-00 00:00:00', 0, '0000-00-00 00:00:00', 0),
(48, 36, '2024-07-31', '10', 'RUKMINI BEHAR', 29, 4, 'GURUGRAM,HARYANA', 'SOM', '', 1, 'O', '', 0, NULL, NULL, '', 'A', '0000-00-00 00:00:00', 0, '0000-00-00 00:00:00', 0),
(49, 37, '2024-07-29', '11', 'NEETA RAJENDRA KARWA', 29, 4, 'NASHIK', 'SOM', '', 1, 'O', '', 5, NULL, NULL, '', 'A', '0000-00-00 00:00:00', 0, '0000-00-00 00:00:00', 0),
(50, 38, '2024-07-29', '11', 'UDDHAV UPADHYAYA', 29, 4, 'BAGHJAN,JAKHALABANDHA,NAGAON,ASSAM', 'SOM', '', 1, 'O', '', 5, NULL, NULL, '', 'A', '0000-00-00 00:00:00', 0, '0000-00-00 00:00:00', 0),
(51, 39, '2024-07-29', '10', 'ATHARV RAVINDRA KUMBHAR', 29, 4, 'SHIKRAPUR,SHIRUR,PUNE', 'SOM', '', 1, 'O', '', 0, NULL, NULL, '', 'A', '0000-00-00 00:00:00', 0, '0000-00-00 00:00:00', 0),
(52, 40, '2024-07-29', '11', 'SWAPNIL ARUN DESHMUKH', 29, 4, 'DATALA,MALKAPUR,BULDHANA', 'SOM', '', 1, 'O', '', 5, NULL, NULL, '', 'A', '0000-00-00 00:00:00', 0, '0000-00-00 00:00:00', 0),
(53, 41, '2024-07-29', '10', 'ASHWIN GUPTA', 29, 4, 'INDORE', 'SOM', '', 1, 'O', '', 0, NULL, NULL, '', 'A', '0000-00-00 00:00:00', 0, '0000-00-00 00:00:00', 0),
(54, 42, '2024-07-29', '10', 'YATHARTH JAYESH GOYANKA', 29, 4, 'SHEGAON,BULDHANA', 'SOM', '', 1, 'O', '', 0, NULL, NULL, '', 'A', '0000-00-00 00:00:00', 0, '0000-00-00 00:00:00', 0),
(55, 43, '2024-07-29', '10', 'SARASWATHI MUNIRATHNAM', 29, 4, 'BANGALORE', 'SOM', '', 1, 'O', '', 0, NULL, NULL, '', 'A', '0000-00-00 00:00:00', 0, '0000-00-00 00:00:00', 0),
(56, 44, '2024-07-29', '11', 'SURABHI AMIT TEKE', 29, 4, 'VITA,SANGALI,MH', 'SOM', '', 1, 'O', '', 5, NULL, NULL, '', 'A', '0000-00-00 00:00:00', 0, '0000-00-00 00:00:00', 0),
(57, 45, '2024-07-29', '10', 'POOJA BAGHEL', 29, 4, 'BHUBANESHWAR,ODISHA', 'SOM', '', 1, 'O', '', 0, NULL, NULL, '', 'A', '0000-00-00 00:00:00', 0, '0000-00-00 00:00:00', 0),
(58, 46, '2024-07-29', '10', 'SUNITA GAJANAN NARKHEDE', 29, 4, 'MALKAPUR,BULDHANA', 'SOM', '', 1, 'O', '', 0, NULL, NULL, '', 'A', '0000-00-00 00:00:00', 0, '0000-00-00 00:00:00', 0),
(59, 47, '2024-07-29', '11', 'ANAMIKA BISWAS', 29, 4, 'JAITAPUR,LUCKNOW,UP', 'SOM', '', 1, 'O', '', 5, NULL, NULL, '', 'A', '0000-00-00 00:00:00', 0, '0000-00-00 00:00:00', 0),
(60, 48, '2024-07-29', '10', 'KAVYA PANSARI', 29, 4, 'JODHPUR,RJ', 'SOM', '', 1, 'O', '', 0, NULL, NULL, '', 'A', '0000-00-00 00:00:00', 0, '0000-00-00 00:00:00', 0),
(61, 49, '2024-07-29', '10', 'NEELAM GARG', 29, 4, 'DEHARADUN,UTTARAKHAND', 'SOM', '', 1, 'O', '', 0, NULL, NULL, '', 'A', '0000-00-00 00:00:00', 0, '0000-00-00 00:00:00', 0),
(62, 50, '2024-07-29', '11', 'KARUMURI NAGA LAKSHMI', 29, 4, 'KOTHAVALASA,VIZIANAGARAM,AP', 'SOM', '', 1, 'O', '', 5, NULL, NULL, '', 'A', '0000-00-00 00:00:00', 0, '0000-00-00 00:00:00', 0),
(63, 51, '2024-07-29', '11', 'ARTI SURAJ BHOSALE', 29, 4, 'ALANDI DEVACHI,PUNE', 'SOM', '', 1, 'O', '', 5, NULL, NULL, '', 'A', '0000-00-00 00:00:00', 0, '0000-00-00 00:00:00', 0),
(64, 52, '2024-07-29', '11', 'PRANAV KARPURAM', 29, 4, 'BANDLAGUDA JAGIR,BHAGYANAGAR,TELANGANA', 'SOM', '', 1, 'O', '', 5, NULL, NULL, '', 'A', '0000-00-00 00:00:00', 0, '0000-00-00 00:00:00', 0),
(65, 53, '2024-07-31', '11', 'NAMITA DEB', 29, 4, 'CHANDANNAGAR,HOOGHLY,WEST BENGAL', 'SOM', '', 1, 'O', '', 5, NULL, NULL, '', 'A', '0000-00-00 00:00:00', 0, '0000-00-00 00:00:00', 0),
(66, 54, '2024-07-29', '11', 'T RAGHAVENDRA RAO', 29, 4, 'SAJJAPURAM,RANUKU,AP', 'SOM', '', 1, 'O', '', 5, NULL, NULL, '', 'A', '0000-00-00 00:00:00', 0, '0000-00-00 00:00:00', 0),
(67, 55, '2024-07-29', '10', 'M J ANUSUYA DEVI', 29, 4, 'MIYAPUR,BHAGYANAGAR,TELANGANA', 'SOM', '', 1, 'O', '', 0, NULL, NULL, '', 'A', '0000-00-00 00:00:00', 0, '0000-00-00 00:00:00', 0),
(68, 56, '2024-07-29', '10', 'PRITI MUKESH SOMANI', 29, 4, 'NEW MONDHA,PARBHANI', 'SOM', '', 1, 'O', '', 0, NULL, NULL, '', 'A', '0000-00-00 00:00:00', 0, '0000-00-00 00:00:00', 0),
(69, 57, '2024-07-29', '10', 'KASSETTI SATISH KUMAR', 29, 4, 'BHAGYANAGAR,TELANGANA', 'SOM', '', 1, 'O', '', 0, NULL, NULL, '', 'A', '0000-00-00 00:00:00', 0, '0000-00-00 00:00:00', 0),
(70, 58, '2024-07-29', '11', 'MAYURI GAJANAN DEVKAR', 29, 4, 'JAMBSAMARTH,GHANSAVANGI,JALNA', 'SOM', '', 1, 'O', '', 5, NULL, NULL, '', 'A', '0000-00-00 00:00:00', 0, '0000-00-00 00:00:00', 0),
(71, 59, '2024-07-29', '10', 'VEENA BUDHIA', 29, 4, 'SUJAGANJ,BHAGALPUR,BIHAR', 'SOM', '', 1, 'O', '', 0, NULL, NULL, '', 'A', '0000-00-00 00:00:00', 0, '0000-00-00 00:00:00', 0),
(72, 60, '2024-07-29', '10', 'VARSHA VISHAL MADHAVI ', 29, 4, 'DAHISAR W,MUMBAI', 'SOM', '', 1, 'O', '', 0, NULL, NULL, '', 'A', '0000-00-00 00:00:00', 0, '0000-00-00 00:00:00', 0),
(73, 61, '2024-07-29', '10', 'KUNDAN KUMARI', 29, 4, 'NAWADA,BIHAR', 'SOM', '', 0, 'O', '', 0, NULL, NULL, '', 'A', '0000-00-00 00:00:00', 0, '0000-00-00 00:00:00', 0),
(74, 62, '2024-07-29', '11', 'VENKATESHA S', 29, 4, 'SADASHIVNAGAR,TUMAKUR', 'SOM', '', 1, 'O', '', 5, NULL, NULL, '', 'A', '0000-00-00 00:00:00', 0, '0000-00-00 00:00:00', 0),
(75, 63, '2024-07-29', '10', 'NIRUPAMA RATHI', 29, 4, 'BHUBANESHWAR,ODISHA', 'SOM', '', 1, 'O', '', 0, NULL, NULL, '', 'A', '0000-00-00 00:00:00', 0, '0000-00-00 00:00:00', 0),
(76, 64, '2024-07-29', '10', 'NETRA NAKHWA', 29, 4, 'THANE W', 'SOM', '', 1, 'O', '', 0, NULL, NULL, '', 'A', '0000-00-00 00:00:00', 0, '0000-00-00 00:00:00', 0),
(77, 65, '2024-07-29', '11', 'VIDHISHA VICKY OZA', 29, 4, 'KESHWAPUR,HUBLI,KARNATAKA', 'SOM', '', 1, 'O', '', 5, NULL, NULL, '', 'A', '0000-00-00 00:00:00', 0, '0000-00-00 00:00:00', 0),
(78, 66, '2024-07-29', '11', 'KALPINDI  VINOD KUMAR', 29, 4, 'SIDDIPET ,TELANGANA', 'SOM', '', 1, 'O', '', 5, NULL, NULL, '', 'A', '0000-00-00 00:00:00', 0, '0000-00-00 00:00:00', 0),
(79, 67, '2024-07-29', '10', 'PRISHA BHAGEL', 29, 4, 'BHUBANESHWAR,ODISHA', 'SOM', '', 1, 'O', '', 0, NULL, NULL, '', 'A', '0000-00-00 00:00:00', 0, '0000-00-00 00:00:00', 0),
(80, 68, '2024-07-29', '11', 'SHANTHARAM', 29, 4, 'BANGALORE', 'SOM', '', 1, 'O', '', 5, NULL, NULL, '', 'A', '0000-00-00 00:00:00', 0, '0000-00-00 00:00:00', 0),
(81, 69, '2024-07-29', '10', 'VIDULA VITTHAL BELUBBI', 29, 4, 'KANDIVALI E,MUMBAI', 'SOM', '', 1, 'O', '', 0, NULL, NULL, '', 'A', '0000-00-00 00:00:00', 0, '0000-00-00 00:00:00', 0),
(82, 70, '2024-07-29', '10', 'SHOBHA BAHETI', 29, 4, 'AJMER,RJ', 'SOM', '', 1, 'O', '', 0, NULL, NULL, '', 'A', '0000-00-00 00:00:00', 0, '0000-00-00 00:00:00', 0),
(83, 71, '2024-07-29', '11', 'ASHA B S', 29, 4, 'GANDHINAGAR,SAGAR,GJ', 'SOM', '', 1, 'O', '', 5, NULL, NULL, '', 'A', '0000-00-00 00:00:00', 0, '0000-00-00 00:00:00', 0),
(84, 72, '2024-07-30', '10', 'AASHNA BAHL', 33, 4, 'DEHRADUN,UTTARAKHAND', 'DGM', '', 1, 'O', '', 0, NULL, NULL, '', 'A', '0000-00-00 00:00:00', 0, '0000-00-00 00:00:00', 0),
(85, 73, '2024-07-29', '11', 'ANJU MITTAL', 29, 4, 'BISHRAMPUR,SURGUJA,CHHATTISGARH', 'SOM', '', 1, 'O', '', 5, NULL, NULL, '', 'A', '0000-00-00 00:00:00', 0, '0000-00-00 00:00:00', 0),
(86, 74, '2024-07-29', '10', 'KRISHNA KUMAR SHUKLA', 29, 4, 'KORAPUT,ODISHA', 'SOM', '', -1, 'O', '', 0, NULL, NULL, '', 'A', '0000-00-00 00:00:00', 0, '0000-00-00 00:00:00', 0),
(87, 75, '2024-07-29', '11', 'MEENA BHARAT GORE', 29, 4, 'GEORAI,NEWASA', 'SOM', '', 1, 'O', '', 5, NULL, NULL, '', 'A', '0000-00-00 00:00:00', 0, '0000-00-00 00:00:00', 0),
(88, 76, '2024-07-29', '10', 'SARITA AGRAWAL', 29, 4, 'JASHPUR', 'SOM', '', 1, 'O', '', 0, NULL, NULL, '', 'A', '0000-00-00 00:00:00', 0, '0000-00-00 00:00:00', 0),
(89, 77, '2024-07-29', '10', 'MAMTA HARISH TIWARI', 29, 4, 'BHAGYANAGAR,TELANGANA', 'SOM', '', 0, 'O', '', 0, NULL, NULL, '', 'A', '0000-00-00 00:00:00', 0, '0000-00-00 00:00:00', 0),
(90, 78, '2024-07-29', '11', 'MINI RAJU', 29, 4, 'ELANGODE,THALASSERY,KERALA', 'SOM', '', 1, 'O', '', 5, NULL, NULL, '', 'A', '0000-00-00 00:00:00', 0, '0000-00-00 00:00:00', 0),
(91, 79, '2024-07-29', '10', 'VIJAYA SINGH', 29, 4, 'GHAZIABAD,UP', 'SOM', '', -1, 'O', '', 0, NULL, NULL, '', 'A', '0000-00-00 00:00:00', 0, '0000-00-00 00:00:00', 0),
(92, 80, '2024-07-29', '10', 'MEENA SHARMA', 29, 4, 'OLD DELHI,DELHI', 'SOM', '', -2, 'O', '', 0, NULL, NULL, '', 'A', '0000-00-00 00:00:00', 0, '0000-00-00 00:00:00', 0),
(93, 81, '2024-07-29', '10', 'APARNA MADAM', 3, 19, 'PUNE', 'ROHIT KURUP', '', 1, 'O', '', 0, NULL, NULL, '', 'A', '0000-00-00 00:00:00', 0, '0000-00-00 00:00:00', 0),
(94, 82, '2024-07-29', '10', 'NILESH SADAVARTE,MODIBAUG', 30, 19, 'PUNE', 'SHYAM TIWARI', '', 1, 'O', '', 0, NULL, NULL, '', 'A', '0000-00-00 00:00:00', 0, '0000-00-00 00:00:00', 0),
(95, 83, '2024-07-29', '10', 'PRITI MADAM', 21, 19, 'PUNE', 'SHUKLA MADAM/KANAWADE VIJAY', '', 1, 'O', '', 0, NULL, NULL, '', 'A', '0000-00-00 00:00:00', 0, '0000-00-00 00:00:00', 0),
(96, 84, '2024-07-29', '10', 'SHWETA MADAM', 32, 19, 'PUNE', 'DAGA', '', 1, 'O', '', 0, NULL, NULL, '', 'A', '0000-00-00 00:00:00', 0, '0000-00-00 00:00:00', 0),
(97, 1, '2024-07-30', '10', 'NEW SARASWATI HOUSE INDIA PVT LTD', 29, 4, 'GHAZIABAD', 'BHANDURGE', '', 1, 'O', '', 0, NULL, NULL, '', 'I', '0000-00-00 00:00:00', 0, '0000-00-00 00:00:00', 0),
(98, 2, '2024-07-30', '10', 'PRATIKSHYA MUND', 29, 4, 'BHAWANI,PATNA,ODISHA', 'SOM', '', 1, 'O', '', 0, NULL, NULL, '', 'A', '0000-00-00 00:00:00', 0, '0000-00-00 00:00:00', 0),
(99, 3, '2024-08-05', '9', 'AMAZON', 47, 26, 'HARYANA', 'JMM', '343086525778', 1, 'O', '', 0, NULL, NULL, '', 'I', '0000-00-00 00:00:00', 0, '0000-00-00 00:00:00', 0),
(100, 4, '2024-04-01', '10', 'BIANCA ARORA', 29, 4, 'MUMBAI', '2KG', '253120372122', 1, 'O', '', 80, NULL, NULL, '', 'A', '0000-00-00 00:00:00', 0, '0000-00-00 00:00:00', 0),
(101, 5, '2024-07-30', '10', 'BHUMIKA REVAR', 29, 4, 'SURAT,GJ', 'SOM', '', 1, 'O', '', 0, NULL, NULL, '', 'A', '0000-00-00 00:00:00', 0, '0000-00-00 00:00:00', 0),
(102, 6, '2024-07-30', '10', 'ALLADI KARUNA', 29, 4, 'BHAKARAM,TELANGANA', 'SOM', '', 1, 'O', '', 0, NULL, NULL, '', 'A', '0000-00-00 00:00:00', 0, '0000-00-00 00:00:00', 0),
(103, 7, '2024-07-30', '10', 'BEVARA NARASIMHULU', 29, 4, 'SRIKAKULAM,AP', 'SOM', '', -1, 'O', '', 0, NULL, NULL, '', 'A', '0000-00-00 00:00:00', 0, '0000-00-00 00:00:00', 0),
(104, 8, '2024-07-30', '11', 'SAMUDRALA RAMADEVI', 29, 4, 'ASWAPURAM,BHADRADRI,KOTHAGUDEM,TELANGANA', 'SOM', '', 1, 'O', '', 5, NULL, NULL, '', 'A', '0000-00-00 00:00:00', 0, '0000-00-00 00:00:00', 0),
(105, 9, '2024-07-30', '10', 'JANHVI RAVINDRA KUMBHAR ', 29, 4, 'SHIKRAPUR SHIRUR PUNE', 'SOM', '', 1, 'O', '', 0, NULL, NULL, '', 'A', '0000-00-00 00:00:00', 0, '0000-00-00 00:00:00', 0),
(106, 10, '2024-07-30', '11', 'DURGA PRASANNA B K', 29, 4, 'MADIKERI,KODAGU,KARNATAKA', 'SOM', '', 1, 'O', '', 5, NULL, NULL, '', 'A', '0000-00-00 00:00:00', 0, '0000-00-00 00:00:00', 0),
(107, 11, '2024-07-30', '11', 'KONDA KAMALAVALLI THAYARU', 29, 4, 'GUDUR,NELLORE,AP', 'SOM', '', 1, 'O', '', 5, NULL, NULL, '', 'A', '0000-00-00 00:00:00', 0, '0000-00-00 00:00:00', 0),
(108, 12, '2024-07-30', '11', 'MANASSVI', 29, 4, 'MAJABOOBNAGAR,TELANGANA', 'SOM', '', 1, 'O', '', 5, NULL, NULL, '', 'A', '0000-00-00 00:00:00', 0, '0000-00-00 00:00:00', 0),
(109, 13, '2024-07-30', '10', 'SUPRIYA MANDAR DEVARE', 29, 4, 'PUNE,PARVATI', 'SOM', '', 1, 'O', '', 0, NULL, NULL, '', 'A', '0000-00-00 00:00:00', 0, '0000-00-00 00:00:00', 0),
(110, 14, '2024-07-30', '10', 'MANISH KUMAR SARSAIYA', 29, 4, 'CHENNAI,TAMIL NADU', 'SOM', '', 1, 'O', '', 0, NULL, NULL, '', 'A', '0000-00-00 00:00:00', 0, '0000-00-00 00:00:00', 0),
(111, 15, '2024-07-30', '10', 'H SUMATHI', 29, 4, 'BELLARY,KARNATAKA', 'SOM', '', 1, 'O', '', 0, NULL, NULL, '', 'A', '0000-00-00 00:00:00', 0, '0000-00-00 00:00:00', 0),
(112, 16, '2024-07-30', '10', 'MRIDULA ACHARYYA', 29, 4, 'MEDINIPUR,BELDA,WEST BENGAL', 'SOM', '', 1, 'O', '', 0, NULL, NULL, '', 'A', '0000-00-00 00:00:00', 0, '0000-00-00 00:00:00', 0),
(113, 17, '2024-07-30', '11', 'VENKATA SATYANARAYANA VADREVU', 29, 4, 'BHAGYANAGAR,TELANGANA', 'SOM', '', -2, 'O', '', 5, NULL, NULL, '', 'A', '0000-00-00 00:00:00', 0, '0000-00-00 00:00:00', 0),
(114, 18, '2024-07-30', '10', 'DEVENDRA AGGARWAL', 29, 4, 'FARIDABAD,HARYANA', 'SOM', '', 1, 'O', '', 0, NULL, NULL, '', 'A', '0000-00-00 00:00:00', 0, '0000-00-00 00:00:00', 0),
(115, 19, '2024-07-30', '11', 'VIDYASHREE DAROJI', 29, 4, 'GANGAVATI,KARNATAKA', 'SOM', '', 1, 'O', '', 5, NULL, NULL, '', 'A', '0000-00-00 00:00:00', 0, '0000-00-00 00:00:00', 0),
(116, 20, '2024-07-30', '10', 'KATAKAM VANAJA', 29, 4, 'BHAGYANAGAR,TELANGANA', 'SOM', '', -1, 'O', '', 0, NULL, NULL, '', 'A', '0000-00-00 00:00:00', 0, '0000-00-00 00:00:00', 0),
(117, 21, '2024-07-30', '10', 'SARITA NARENDRA NAGRAJ', 29, 4, 'NASHIK', 'SOM', '', 1, 'O', '', 0, NULL, NULL, '', 'A', '0000-00-00 00:00:00', 0, '0000-00-00 00:00:00', 0),
(118, 22, '2024-07-30', '11', 'ADHRIT TIWARI', 29, 4, 'BHAGYANAGAR,TELANGANA', 'SOM', '', -1, 'O', '', 5, NULL, NULL, '', 'A', '0000-00-00 00:00:00', 0, '0000-00-00 00:00:00', 0),
(119, 23, '2024-07-30', '10', 'N JOSHETH', 29, 4, 'CHITTOOR,AP', 'SOM', '', 1, 'O', '', 0, NULL, NULL, '', 'A', '0000-00-00 00:00:00', 0, '0000-00-00 00:00:00', 0),
(120, 24, '2024-07-30', '10', 'MANGESH SALUNKE', 29, 4, 'CHIKHALI,HAVELI,PUNE', 'SOM', '', 1, 'O', '', 0, NULL, NULL, '', 'A', '0000-00-00 00:00:00', 0, '0000-00-00 00:00:00', 0),
(121, 25, '2024-07-30', '10', 'DIGAMBAR MUNDALE', 29, 4, 'VIKROLI E,MUMBAI', 'SOM', '', 1, 'O', '', 0, NULL, NULL, '', 'A', '0000-00-00 00:00:00', 0, '0000-00-00 00:00:00', 0),
(122, 26, '2024-07-30', '11', 'INDRA MOHAN', 29, 4, 'BANGALORE', 'SOM', '', -1, 'O', '', 5, NULL, NULL, '', 'A', '0000-00-00 00:00:00', 0, '0000-00-00 00:00:00', 0),
(123, 27, '2024-07-30', '11', 'P SAI SIVANI', 29, 4, 'BHAGYANAGAR,TELANGANA', 'SOM', '', -1, 'O', '', 5, NULL, NULL, '', 'A', '0000-00-00 00:00:00', 0, '0000-00-00 00:00:00', 0),
(124, 28, '2024-07-30', '11', 'SARUMATHY K A', 29, 4, 'SIVARAMAN NAGAR,CUDDALORE,TAMIL NADU', 'SOM', '', 1, 'O', '', 5, NULL, NULL, '', 'A', '0000-00-00 00:00:00', 0, '0000-00-00 00:00:00', 0),
(125, 29, '2024-07-30', '11', 'JAYASHREE MANIKANDAN', 29, 4, 'CHENNAI,TAMIL NADU', 'SOM,RETURN 19/08/2024', '', 1, 'O', '', 5, NULL, NULL, '', 'A', '0000-00-00 00:00:00', 0, '0000-00-00 00:00:00', 0),
(126, 30, '2024-07-30', '10', 'DIVIJ NIKHIL KONDE', 29, 4, 'THANE W', 'SOM', '', 1, 'O', '', 0, NULL, NULL, '', 'A', '0000-00-00 00:00:00', 0, '0000-00-00 00:00:00', 0),
(127, 31, '2024-07-30', '10', 'SHANTI GUPTA', 29, 4, 'SEWAI W,MUMBAI', 'SOM', '', 1, 'O', '', 0, NULL, NULL, '', 'A', '0000-00-00 00:00:00', 0, '0000-00-00 00:00:00', 0),
(128, 32, '2024-07-30', '10', 'IRIVINTI PADMAJA', 29, 4, 'KURNOOL,AP', 'SOM', '', 1, 'O', '', 0, NULL, NULL, '', 'A', '0000-00-00 00:00:00', 0, '0000-00-00 00:00:00', 0),
(129, 33, '2024-07-30', '11', 'BABY LAKSHMI', 29, 4, 'KUNDRATHUR,CHENNAI', 'SOM', '', 1, 'O', '', 5, NULL, NULL, '', 'A', '0000-00-00 00:00:00', 0, '0000-00-00 00:00:00', 0),
(130, 34, '2024-07-30', '10', 'BHANU PRIYA MANTHA VENKATA', 29, 4, 'BHAGYANAGAR,TELANGANA', 'SOM', '', 1, 'O', '', 0, NULL, NULL, '', 'A', '0000-00-00 00:00:00', 0, '0000-00-00 00:00:00', 0),
(131, 35, '2024-07-30', '10', 'SUSHMA VIJAY', 29, 4, 'BANGALORE', 'SOM', '', -2, 'O', '', 0, NULL, NULL, '', 'A', '0000-00-00 00:00:00', 0, '0000-00-00 00:00:00', 0),
(132, 36, '2024-07-31', '10', 'RUKMINI BEHAR', 29, 4, 'GURUGRAM,HARYANA', 'SOM', '', 1, 'O', '', 0, NULL, NULL, '', 'A', '0000-00-00 00:00:00', 0, '0000-00-00 00:00:00', 0),
(133, 37, '2024-07-30', '10', 'SAVITA BIYANI', 29, 4, 'RAJASTHAN,CHANDPOL GATE,BIRANION KI GALI', 'SOM', '', 1, 'O', '', 0, NULL, NULL, '', 'A', '0000-00-00 00:00:00', 0, '0000-00-00 00:00:00', 0),
(134, 38, '2024-07-30', '11', 'KRATI BAJPAI', 29, 4, 'BHAGYANAGAR,TELANGANA', 'SOM', '', 1, 'O', '', 5, NULL, NULL, '', 'A', '0000-00-00 00:00:00', 0, '0000-00-00 00:00:00', 0),
(135, 39, '2024-07-30', '10', 'SWAPNIL CHANDRASHEKHAR HARSHE', 29, 4, 'PANVEL,KHARGHAR,RAIGAD', 'SOM', '', 1, 'O', '', 0, NULL, NULL, '', 'A', '0000-00-00 00:00:00', 0, '0000-00-00 00:00:00', 0),
(136, 40, '2024-07-30', '10', 'POONGOTHAI ARULMOLICHELVAN', 29, 4, 'ERODE,TAMIL NADU', 'SOM', '', 1, 'O', '', 0, NULL, NULL, '', 'A', '0000-00-00 00:00:00', 0, '0000-00-00 00:00:00', 0),
(137, 41, '2024-07-30', '10', 'RENUKA SWAPNIL KULKARNI', 29, 4, 'BALEWADI,PUNE', 'SOM', '', 1, 'O', '', 0, NULL, NULL, '', 'A', '0000-00-00 00:00:00', 0, '0000-00-00 00:00:00', 0),
(138, 42, '2024-07-30', '10', 'VASANTH KUMAR VANGALA', 29, 4, 'BHAGYANAGAR,TELANGANA', 'SOM', '', 1, 'O', '', 0, NULL, NULL, '', 'A', '0000-00-00 00:00:00', 0, '0000-00-00 00:00:00', 0),
(139, 43, '2024-07-30', '10', 'RAJANI KOTESH', 29, 4, 'VIJAYAWADA,AP', 'SOM', '', 1, 'O', '', 0, NULL, NULL, '', 'A', '0000-00-00 00:00:00', 0, '0000-00-00 00:00:00', 0),
(140, 44, '2024-07-30', '10', 'ASHA BRAHMBHATT', 29, 4, 'NADIAD,GUJRAT', 'SOM', '', 1, 'O', '', 0, NULL, NULL, '', 'A', '0000-00-00 00:00:00', 0, '0000-00-00 00:00:00', 0),
(141, 45, '2024-07-30', '10', 'SRILATHA', 29, 4, 'BANGALORE', 'SOM', '', 1, 'O', '', 0, NULL, NULL, '', 'A', '0000-00-00 00:00:00', 0, '0000-00-00 00:00:00', 0),
(142, 46, '2024-07-30', '11', 'KAILASA SAI LATHA', 29, 4, 'BHAGYANAGAR,TELANGANA', 'SOM', '', 1, 'O', '', 5, NULL, NULL, '', 'A', '0000-00-00 00:00:00', 0, '0000-00-00 00:00:00', 0),
(143, 47, '2024-07-30', '11', 'ANITHA S NARAYAN', 29, 4, ',CHIKKAMAGALURU,KOPPAL,KARNATAKA', 'SOM', '', 1, 'O', '', 5, NULL, NULL, '', 'A', '0000-00-00 00:00:00', 0, '0000-00-00 00:00:00', 0),
(144, 48, '2024-07-30', '11', 'NIMISHA GOKULDASJI SARDA', 29, 4, 'UMARKHED,MAHARASHTRA', 'SOM', '', 1, 'O', '', 5, NULL, NULL, '', 'A', '0000-00-00 00:00:00', 0, '0000-00-00 00:00:00', 0),
(145, 49, '2024-07-30', '11', 'DEEPAK KUMAR R', 29, 4, 'THE NILGIRIS,OOTY,TAMIL NADU', 'SOM', '', 1, 'O', '', 5, NULL, NULL, '', 'A', '0000-00-00 00:00:00', 0, '0000-00-00 00:00:00', 0),
(146, 50, '2024-07-30', '11', 'KANDULA ARUNA', 29, 4, 'KAVUR,PALNADU,AP', 'SOM', '', 1, 'O', '', 5, NULL, NULL, '', 'A', '0000-00-00 00:00:00', 0, '0000-00-00 00:00:00', 0),
(147, 1, '2024-07-30', '9', 'NEW SARASWATI HOUSE INDIA PVT LTD', 29, 2, 'GHAZIABAD', 'BHANDURGE', 'D93755679', 1, 'I', '', 0, NULL, NULL, '', 'A', '0000-00-00 00:00:00', 0, '0000-00-00 00:00:00', 0),
(148, 2, '2024-07-30', '9', 'KUSHAL ENTERPRISES', 8, 14, 'MUMBAI', 'A ROAD', '24072940239', 1, 'I', '', 0, NULL, NULL, '', 'A', '0000-00-00 00:00:00', 0, '0000-00-00 00:00:00', 0),
(149, 3, '2024-08-05', '9', 'AMAZON', 47, 26, 'HARYANA', 'JMM', '343086525778', 1, 'I', '', 0, NULL, NULL, '', 'I', '0000-00-00 00:00:00', 0, '0000-00-00 00:00:00', 0),
(150, 4, '2024-04-01', '9', 'BIANCA ARORA', 8, 14, 'MUMBAI', '2KG', '253120372122', 1, 'I', '', 80, NULL, NULL, '', 'A', '0000-00-00 00:00:00', 0, '0000-00-00 00:00:00', 0),
(151, 5, '2024-07-30', '9', 'K P AYYAPPAN', 8, 14, 'THEVARAM', 'A ROAD', '20665461563', 1, 'I', '', 0, NULL, NULL, '', 'A', '0000-00-00 00:00:00', 0, '0000-00-00 00:00:00', 0),
(152, 51, '2024-07-30', '10', 'MONICA PATEL', 29, 4, 'BHAGYANAGAR,TELANGANA', 'SOM', '', 1, 'O', '', 0, NULL, NULL, '', 'A', '0000-00-00 00:00:00', 0, '0000-00-00 00:00:00', 0),
(153, 6, '2024-07-30', '9', 'MRPL', 3, 17, 'PAREL', 'SURYAVANSHI VINOD', '164800529456', 1, 'I', '', 0, NULL, NULL, '', 'A', '0000-00-00 00:00:00', 0, '0000-00-00 00:00:00', 0),
(154, 7, '2024-07-30', '9', 'RAJESH BANGAD', 29, 2, 'DHARASHIV', 'BHANDURGE,SHLOK BANGAD', '4871242000318', 1, 'I', '', 0, NULL, NULL, '', 'A', '0000-00-00 00:00:00', 0, '0000-00-00 00:00:00', 0),
(155, 8, '2024-07-30', '9', 'BABLI PURBEY', 29, 2, 'MUMBAI', 'SOHANSHI PURBEY,BHANDURGE', '161100166462', 1, 'I', '', 0, NULL, NULL, '', 'A', '0000-00-00 00:00:00', 0, '0000-00-00 00:00:00', 0),
(156, 9, '2024-07-29', '17', 'RUPALI SINGH ', 29, 17, 'RAIPUR,DEHARADUN', 'BHANDUREG,SOM', '', 1, 'I', '', 0, NULL, NULL, '', 'I', '0000-00-00 00:00:00', 0, '0000-00-00 00:00:00', 0),
(157, 52, '2024-07-30', '10', 'VIDWATA MOHTA', 29, 4, 'KOLKATA', 'SOM', '', 1, 'O', '', 0, NULL, NULL, '', 'A', '0000-00-00 00:00:00', 0, '0000-00-00 00:00:00', 0),
(158, 53, '2024-07-31', '11', 'NAMITA DEB', 29, 4, 'CHANDANNAGAR,HOOGHLY,WEST BENGAL', 'SOM', '', 1, 'O', '', 5, NULL, NULL, '', 'A', '0000-00-00 00:00:00', 0, '0000-00-00 00:00:00', 0),
(159, 54, '2024-07-30', '10', 'ARVAPALLI SRIDEVI', 29, 4, 'FARIDABAD,HARYANA', 'SOM', '', 1, 'O', '', 0, NULL, NULL, '', 'A', '0000-00-00 00:00:00', 0, '0000-00-00 00:00:00', 0),
(160, 55, '2024-07-30', '10', 'MILIND VINAYAK KULKARNI', 29, 4, 'KOLHAPUR,KASBABAWADA', 'SOM', '', 1, 'O', '', 0, NULL, NULL, '', 'A', '0000-00-00 00:00:00', 0, '0000-00-00 00:00:00', 0),
(161, 56, '2024-07-30', '10', 'PUSHPA AGARWAL', 29, 4, 'KOLKATA', 'SOM', '', 1, 'O', '', 0, NULL, NULL, '', 'A', '0000-00-00 00:00:00', 0, '0000-00-00 00:00:00', 0),
(162, 57, '2024-07-30', '11', 'SHUBHANGI KHETRE', 29, 4, 'MAJALGAON,BEED', 'SOM', '', 1, 'O', '', 5, NULL, NULL, '', 'A', '0000-00-00 00:00:00', 0, '0000-00-00 00:00:00', 0),
(163, 58, '2024-07-30', '10', 'BANUMATHI NAGARAJAN', 29, 4, 'BANGALORE', 'SOM', '', 1, 'O', '', 0, NULL, NULL, '', 'A', '0000-00-00 00:00:00', 0, '0000-00-00 00:00:00', 0),
(164, 59, '2024-07-30', '10', 'AMIT SOM', 29, 4, 'DEHARADUN,UTTARAKHAND', 'SOM', '', 1, 'O', '', 0, NULL, NULL, '', 'A', '0000-00-00 00:00:00', 0, '0000-00-00 00:00:00', 0),
(165, 60, '2024-07-30', '11', 'BASANTI MAJUMDAR', 29, 4, 'DEHARADUN,UTTARAKHAND', 'SOM', '', 1, 'O', '', 5, NULL, NULL, '', 'A', '0000-00-00 00:00:00', 0, '0000-00-00 00:00:00', 0),
(166, 61, '2024-07-30', '11', 'SANDEEP SURESH MULEY', 29, 4, 'SANGAMESHWAR,RATNAGIRI', 'SOM', '', 1, 'O', '', 5, NULL, NULL, '', 'A', '0000-00-00 00:00:00', 0, '0000-00-00 00:00:00', 0),
(167, 62, '2024-07-30', '10', 'MADHAVI SOMABHATLA', 29, 4, 'VISHAKHAPATNAM,AP', 'SOM', '', 1, 'O', '', 0, NULL, NULL, '', 'A', '0000-00-00 00:00:00', 0, '0000-00-00 00:00:00', 0),
(168, 63, '2024-07-30', '10', 'VARSHAINAY DESAI', 29, 4, 'GANDHINAGAR,GUJRAT', 'SOM', '', 1, 'O', '', 0, NULL, NULL, '', 'A', '0000-00-00 00:00:00', 0, '0000-00-00 00:00:00', 0),
(169, 64, '2024-07-30', '11', 'POONAM PRASHANT KULKARNI', 29, 4, 'KHADAKWASLA DAM,PUNE', 'SOM', '', 1, 'O', '', 5, NULL, NULL, '', 'A', '0000-00-00 00:00:00', 0, '0000-00-00 00:00:00', 0),
(170, 65, '2024-07-30', '11', 'JYOTSNA RISHI,C/O DR SHRADDHA RISHI', 29, 4, 'BODH GAYA,BIHAR', 'SOM', '', 1, 'O', '', 5, NULL, NULL, '', 'A', '0000-00-00 00:00:00', 0, '0000-00-00 00:00:00', 0),
(171, 66, '2024-07-30', '10', 'AVADHOOT ANAND KAHALEKAR', 29, 4, 'YAVATMAL', 'SOM', '', 1, 'O', '', 0, NULL, NULL, '', 'A', '0000-00-00 00:00:00', 0, '0000-00-00 00:00:00', 0),
(172, 67, '2024-07-30', '11', 'SHAMBHAVI SINGH', 29, 4, 'BANGALORE', 'SOM', '', 1, 'O', '', 5, NULL, NULL, '', 'A', '0000-00-00 00:00:00', 0, '0000-00-00 00:00:00', 0),
(173, 68, '2024-07-30', '10', 'DIVYA NAKRANI', 29, 4, 'CHH SAMBHAJINAGAR', 'SOM', '', 1, 'O', '', 0, NULL, NULL, '', 'A', '0000-00-00 00:00:00', 0, '0000-00-00 00:00:00', 0),
(174, 69, '2024-07-30', '10', 'PRAGYA SHARMA', 29, 4, 'INDORE', 'SOM', '', 1, 'O', '', 0, NULL, NULL, '', 'A', '0000-00-00 00:00:00', 0, '0000-00-00 00:00:00', 0),
(175, 70, '2024-07-30', '11', 'B S A N L MANGATAYARU', 29, 4, 'AMATAPURAM RURAL E,GODAVARI,AP', 'SOM', '', 1, 'O', '', 5, NULL, NULL, '', 'A', '0000-00-00 00:00:00', 0, '0000-00-00 00:00:00', 0),
(176, 71, '2024-07-30', '10', 'BHUSHAN SANDANSHIV,NUVAMA WEALTH & INVESTMENT LTD', 3, 19, 'KURLA W,MUMBAI', 'BAPTE', '', 1, 'O', '', 0, NULL, NULL, '', 'A', '0000-00-00 00:00:00', 0, '0000-00-00 00:00:00', 0),
(177, 72, '2024-07-30', '10', 'AASHNA BAHL', 33, 21, 'DEHRADUN,UTTARAKHAND', 'DGM', '', 1, 'O', '', 0, NULL, NULL, '', 'A', '0000-00-00 00:00:00', 0, '0000-00-00 00:00:00', 0),
(178, 1, '2024-07-30', '10', 'NEW SARASWATI HOUSE INDIA PVT LTD', 29, 4, 'GHAZIABAD', 'BHANDURGE', '', 1, 'O', '', 0, NULL, NULL, '', 'I', '0000-00-00 00:00:00', 0, '0000-00-00 00:00:00', 0),
(179, 2, '2024-07-31', '10', 'PRAGNA JATIN PARIKH', 29, 4, 'AHMEDABAD,GUJRAT', 'SOM', '', 1, 'O', '', 0, NULL, NULL, '', 'A', '0000-00-00 00:00:00', 0, '0000-00-00 00:00:00', 0),
(180, 1, '2024-07-31', '10', 'BABASAHEB KISANRAO KONDE', 29, 4, 'BHOSARI,PUNE', 'SOM', '', 1, 'O', '', 0, NULL, NULL, '', 'A', '2024-07-31 12:05:33', 1, '0000-00-00 00:00:00', 0),
(181, 3, '2024-08-05', '9', 'AMAZON', 47, 26, 'HARYANA', 'JMM', '343086525778', 1, 'O', '', 0, NULL, NULL, '', 'I', '2024-07-31 12:36:34', 1, '0000-00-00 00:00:00', 0),
(182, 4, '2024-04-01', '10', 'BIANCA ARORA', 29, 4, 'MUMBAI', '2KG', '253120372122', 1, 'O', '', 80, NULL, NULL, '', 'A', '2024-07-31 12:37:43', 1, '0000-00-00 00:00:00', 0),
(183, 5, '2024-07-31', '10', 'ASHA PAL', 29, 4, 'TALLITAL,NAINITAL,UTTARAKHAND', 'SOM', '', 1, 'O', '', 0, NULL, NULL, '', 'A', '2024-07-31 12:38:53', 1, '0000-00-00 00:00:00', 0),
(184, 6, '2024-07-31', '11', 'NARASIMHA MURTHY B', 29, 4, 'BANGALORE,KANATAKA', 'SOM', '', 1, 'O', '', 5, NULL, NULL, '', 'A', '2024-07-31 12:39:57', 1, '0000-00-00 00:00:00', 0),
(185, 7, '2024-07-31', '10', 'GAYATHRI DINESH', 29, 4, 'BANGALORE,KANATAKA', 'SOM', '', 1, 'O', '', 0, NULL, NULL, '', 'A', '2024-07-31 12:41:29', 1, '0000-00-00 00:00:00', 0),
(186, 8, '2024-07-31', '10', 'CHERUKURU SIREESHA', 29, 4, 'KURNOOL,AP', 'SOM', '', -1, 'O', '', 0, NULL, NULL, '', 'A', '2024-07-31 12:58:03', 1, '0000-00-00 00:00:00', 0),
(187, 9, '2024-07-31', '10', 'SHRUTI SHRIPAD PHATAK', 29, 4, 'KANDIVALI W,MUMBAI', 'SOM', '', 1, 'O', '', 0, NULL, NULL, '', 'A', '2024-07-31 12:59:56', 1, '0000-00-00 00:00:00', 0),
(188, 10, '2024-07-31', '11', 'BHAVYA BHAT', 29, 4, 'KARKA,KARNATAKA', 'SOM', '', 1, 'O', '', 6, NULL, NULL, '', 'A', '2024-07-31 14:11:36', 1, '0000-00-00 00:00:00', 0),
(189, 11, '2024-07-31', '10', 'KIRANMAI', 29, 4, 'BANGALORE,KANATAKA', 'SOM', '', 1, 'O', '', 0, NULL, NULL, '', 'A', '2024-07-31 14:12:34', 1, '0000-00-00 00:00:00', 0),
(190, 12, '2024-07-31', '10', 'NAGAMANI M', 29, 4, 'GODAVARI EAST,ANDHRA PRADESH', 'SOM', '', 1, 'O', '', 0, NULL, NULL, '', 'A', '2024-07-31 14:13:32', 1, '0000-00-00 00:00:00', 0),
(191, 13, '2024-07-31', '10', 'SUNITA SHETTY', 29, 4, 'MUMBAI,ANDHERI E', 'SOM', '', 1, 'O', '', 0, NULL, NULL, '', 'A', '2024-07-31 14:14:16', 1, '0000-00-00 00:00:00', 0),
(192, 14, '2024-07-31', '10', 'RITA BHARADWAJ', 29, 4, 'INDORE,MP', 'SOM', '', 1, 'O', '', 0, NULL, NULL, '', 'A', '2024-07-31 14:15:03', 1, '0000-00-00 00:00:00', 0),
(193, 15, '2024-07-31', '11', 'DR T PRIYANKA', 29, 4, 'BHAGYANAGAR,TELANGANA', 'SOM', '', 1, 'O', '', 5, NULL, NULL, '', 'A', '2024-07-31 14:15:43', 1, '0000-00-00 00:00:00', 0),
(194, 16, '2024-07-31', '10', 'ARUNA ANIL DESHPANDE', 29, 4, 'JAMKHED,A NAGAR', 'SOM', '', 1, 'O', '', 0, NULL, NULL, '', 'A', '2024-07-31 14:16:41', 1, '0000-00-00 00:00:00', 0),
(195, 17, '2024-07-31', '11', 'VASUDHA DONGRE', 29, 4, 'KARKALA,UDUPI,KARNATAKA', 'SOM', '', 1, 'O', '', 5, NULL, NULL, '', 'A', '2024-07-31 14:17:43', 1, '0000-00-00 00:00:00', 0),
(196, 18, '2024-07-31', '10', 'NARENDRA KUMAR SHASTRI', 29, 4, 'BANGALORE,KANATAKA', 'SOM', '', 1, 'O', '', 0, NULL, NULL, '', 'A', '2024-07-31 14:19:25', 1, '0000-00-00 00:00:00', 0),
(197, 19, '2024-07-31', '10', 'TANIA PANT', 29, 4, 'BHOTIA PARAO,HALDWANI,UTTARAKHAND', 'SOM', '', 1, 'O', '', 0, NULL, NULL, '', 'A', '2024-07-31 14:20:39', 1, '0000-00-00 00:00:00', 0),
(198, 20, '2024-07-31', '10', 'REKHA SHARMA', 29, 4, 'DEHARADUN,UTTARAKHAND', 'SOM', '', 1, 'O', '', 0, NULL, NULL, '', 'A', '2024-07-31 14:21:43', 1, '0000-00-00 00:00:00', 0),
(199, 21, '2024-07-31', '10', 'SUDHA VANGALA ', 29, 4, 'BANGLORE KARNATAK', 'SOM', '', 1, 'O', '', 0, NULL, NULL, '', 'A', '2024-07-31 14:22:26', 1, '0000-00-00 00:00:00', 0),
(200, 22, '2024-07-31', '10', 'DEEPIKARAVI', 29, 4, 'MYSURE,KARNATAKA', 'SOM', '', 1, 'O', '', 0, NULL, NULL, '', 'A', '2024-07-31 14:23:20', 1, '0000-00-00 00:00:00', 0),
(201, 23, '2024-07-31', '11', 'JAYA KRISHNA YENDURI', 29, 4, 'APPIKATLA,ANDHRA PRADESH', 'SOM', '', 1, 'O', '', 5, NULL, NULL, '', 'A', '2024-07-31 14:24:24', 1, '0000-00-00 00:00:00', 0),
(202, 24, '2024-07-31', '10', 'KRIPI', 29, 4, 'DELHI', 'SOM', '', 1, 'O', '', 0, NULL, NULL, '', 'A', '2024-07-31 14:25:05', 1, '0000-00-00 00:00:00', 0),
(203, 25, '2024-07-31', '11', 'PUSHPA NAYAR', 29, 4, 'BANGALORE,KANATAKA', 'SOM', '', 1, 'O', '', 5, NULL, NULL, '', 'A', '2024-07-31 14:25:51', 1, '0000-00-00 00:00:00', 0),
(204, 26, '2024-07-31', '11', 'SAJIKUMARI', 29, 4, 'ALUVA,KERALA', 'SOM', '', 1, 'O', '', 5, NULL, NULL, '', 'A', '2024-07-31 14:26:57', 1, '0000-00-00 00:00:00', 0),
(205, 27, '2024-07-31', '11', 'POLISETTY SAIUMA', 29, 4, 'TADIPATRI,ANANTAPUR,ANDHRA PRADESH', 'SOM', '', 1, 'O', '', 5, NULL, NULL, '', 'A', '2024-07-31 14:28:25', 1, '0000-00-00 00:00:00', 0),
(206, 28, '2024-07-31', '10', 'S LAKSHMI ANNAPOORA DEVI', 29, 4, 'VIJAYAWADA,AP', 'SOM', '', 1, 'O', '', 0, NULL, NULL, '', 'A', '2024-07-31 14:29:25', 1, '0000-00-00 00:00:00', 0),
(207, 29, '2024-07-31', '11', 'K B T SUNDARI', 29, 4, 'BHAGYANAGAR,TELANGANA', 'SOM', '', 1, 'O', '', 5, NULL, NULL, '', 'A', '2024-07-31 14:30:08', 1, '0000-00-00 00:00:00', 0),
(208, 30, '2024-07-31', '10', 'MEERA GALGALI', 29, 4, 'THANE W,MUMBAI', 'SOM', '', 1, 'O', '', 0, NULL, NULL, '', 'A', '2024-07-31 14:30:52', 1, '0000-00-00 00:00:00', 0),
(209, 31, '2024-07-31', '10', 'K SUMITRA KUMARI', 29, 4, 'BHAGYANAGAR,TELANGANA,MALLAPUR', 'SOM', '', 1, 'O', '', 0, NULL, NULL, '', 'A', '2024-07-31 14:31:51', 1, '0000-00-00 00:00:00', 0),
(210, 32, '2024-07-31', '10', 'KAVITA MALHOTRA', 29, 4, 'VADODARA,GUJRAT', 'SOM', '', 1, 'O', '', 0, NULL, NULL, '', 'A', '2024-07-31 14:32:32', 1, '0000-00-00 00:00:00', 0),
(211, 33, '2024-07-31', '10', 'BHAVANI AYTHA', 29, 4, 'GURUGRAM,HARYANA', 'SOM', '', 1, 'O', '', 0, NULL, NULL, '', 'A', '2024-07-31 14:33:14', 1, '0000-00-00 00:00:00', 0),
(212, 34, '2024-07-31', '11', 'SONA KONAKALLA', 29, 4, 'GUNTUR,AP', 'SOM', '', 1, 'O', '', 5, NULL, NULL, '', 'A', '2024-07-31 14:33:57', 1, '0000-00-00 00:00:00', 0),
(213, 35, '2024-07-31', '11', 'SHARADA P V', 29, 4, 'KOTTURU,KARNATAKA', 'SOM', '', 1, 'O', '', 5, NULL, NULL, '', 'A', '2024-07-31 14:34:45', 1, '0000-00-00 00:00:00', 0),
(214, 36, '2024-07-31', '10', 'RUKMINI BEHAR', 29, 4, 'GURUGRAM,HARYANA', 'SOM', '', 1, 'O', '', 0, NULL, NULL, '', 'A', '2024-07-31 14:35:23', 1, '0000-00-00 00:00:00', 0),
(215, 1, '2024-07-31', '9', 'S B ALLOYS', 8, 14, 'PUNE', 'A ROAD', '230220184374', 1, 'I', '', 0, NULL, NULL, '', 'A', '2024-07-31 14:37:26', 1, '0000-00-00 00:00:00', 0),
(216, 2, '2024-07-31', '9', 'SHRIPAD RAJARAM GAIKWAD', 8, 14, 'CHIPLUN', 'PRAVIN PATIL /BHANDURGE', '240110009246', 1, 'I', '', 0, NULL, NULL, '', 'A', '2024-07-31 14:39:59', 1, '0000-00-00 00:00:00', 0),
(217, 3, '2024-08-05', '9', 'AMAZON', 47, 26, 'HARYANA', 'JMM', '343086525778', 1, 'I', '', 0, NULL, NULL, '', 'I', '2024-07-31 14:40:58', 1, '0000-00-00 00:00:00', 0),
(218, 4, '2024-04-01', '9', 'BIANCA ARORA', 31, 19, 'MUMBAI', '2KG', '253120372122', 1, 'I', '', 80, NULL, NULL, '', 'A', '2024-07-31 14:42:00', 1, '0000-00-00 00:00:00', 0),
(219, 5, '2024-07-31', '9', 'GEETA PARIWAR', 29, 4, 'ICHALKARANJI', 'DATTA BHANDURGE', '1730091502', 1, 'I', '', 0, NULL, NULL, '', 'A', '2024-07-31 14:42:52', 1, '0000-00-00 00:00:00', 0),
(220, 6, '2024-07-31', '9', 'RAAFIQAHMED S AWATI', 4, 3, 'VIJAYAPUR,KARNATAKA', 'VISHAL VAJPAI', '1727186091', 1, 'I', '', 0, NULL, NULL, '', 'A', '2024-07-31 14:44:31', 1, '0000-00-00 00:00:00', 0),
(221, 7, '2024-07-31', '17', 'R K DEWAN & CO', 22, 14, 'MUMBAI', 'PK', 'RM131986325IN', 1, 'I', '', 0, NULL, NULL, '', 'A', '2024-07-31 14:45:59', 1, '0000-00-00 00:00:00', 0),
(222, 8, '2024-07-31', '19', 'P K MOHANTY', 29, 17, 'BHUBANESHWAR,ODISHA', 'SOM,BHANDURGE', 'EO683490487IN', 1, 'I', '', 0, NULL, NULL, '', 'A', '2024-07-31 14:47:36', 1, '0000-00-00 00:00:00', 0),
(223, 37, '2024-07-31', '10', 'GHANSHYAM DAS HOLANI', 29, 4, 'INDORE,MP', 'SOM,RETURN 16/08/2024', '', 1, 'O', '', 0, NULL, NULL, '', 'A', '2024-07-31 15:41:42', 1, '0000-00-00 00:00:00', 0),
(224, 38, '2024-07-31', '10', 'ANIRUDDHA G K ', 29, 4, 'BANGALORE,KANATAKA', 'SOM', '', 1, 'O', '', 0, NULL, NULL, '', 'A', '2024-07-31 15:42:35', 1, '0000-00-00 00:00:00', 0),
(225, 39, '2024-07-31', '10', 'NUTAN D MESTRY', 29, 4, 'MAHIM W,MUMBAI', 'SOM', '', 1, 'O', '', 0, NULL, NULL, '', 'A', '2024-07-31 15:43:21', 1, '0000-00-00 00:00:00', 0),
(226, 40, '2024-07-31', '11', 'KALYANI S', 29, 4, 'COIMBATORE,TAMIL NADU', 'SOM', '', 1, 'O', '', 5, NULL, NULL, '', 'A', '2024-07-31 15:44:15', 1, '0000-00-00 00:00:00', 0),
(227, 41, '2024-07-31', '10', 'ARCHANA AGRAWAL', 29, 4, 'RAJAHMUNDARY,ANDHRA PRADESH', 'SOM', '', 1, 'O', '', 0, NULL, NULL, '', 'A', '2024-07-31 15:45:27', 1, '0000-00-00 00:00:00', 0),
(228, 42, '2024-07-31', '10', 'D RADHAKRISHNAN', 29, 4, 'CHENNAI,TAMIL NADU', 'SOM', '', 1, 'O', '', 0, NULL, NULL, '', 'A', '2024-07-31 15:46:12', 1, '0000-00-00 00:00:00', 0),
(229, 43, '2024-07-31', '10', 'MEENA JOSHI', 29, 4, 'AMRAVATI,OLD TOWN BADNERA', 'SOM', '', 1, 'O', '', 0, NULL, NULL, '', 'A', '2024-07-31 15:47:19', 1, '0000-00-00 00:00:00', 0),
(230, 44, '2024-07-31', '11', 'DARSI RADHIKA', 29, 4, 'GUNTUR,REPALLE,ANDHRA PRADESH', 'SOM', '', 1, 'O', '', 5, NULL, NULL, '', 'A', '2024-07-31 15:48:22', 1, '0000-00-00 00:00:00', 0),
(231, 45, '2024-07-31', '10', 'AVINASH DAS', 29, 4, 'PUNE,OPP SYMBIOSIS', 'SOM', '', 1, 'O', '', 0, NULL, NULL, '', 'A', '2024-07-31 15:49:26', 1, '0000-00-00 00:00:00', 0),
(232, 46, '2024-07-31', '11', 'ARUN KUMAR PRADHAN', 29, 4, 'CUTTAK,ODISHA,PO-DHAIPUR,PS-ATHGARH', 'SOM', '', 1, 'O', '', 5, NULL, NULL, '', 'A', '2024-07-31 15:50:48', 1, '0000-00-00 00:00:00', 0),
(233, 47, '2024-07-31', '11', 'SANJAY CHATTERJEE', 29, 4, 'DAKSHINDIHI,JANGIPARA,HOOGHLY', 'SOM', '', 1, 'O', '', 5, NULL, NULL, '', 'A', '2024-07-31 15:53:01', 1, '0000-00-00 00:00:00', 0),
(234, 48, '2024-07-31', '10', 'SONALI BANDE', 29, 4, 'WAKAD,PUNE', 'SOM', '', 1, 'O', '', 0, NULL, NULL, '', 'A', '2024-07-31 15:53:48', 1, '0000-00-00 00:00:00', 0),
(235, 49, '2024-07-31', '10', 'RADHIKA KHANDALKAR', 29, 4, 'JAMNAGAR,GUJRAT', 'SOM', '', 1, 'O', '', 0, NULL, NULL, '', 'A', '2024-07-31 15:54:47', 1, '0000-00-00 00:00:00', 0),
(236, 50, '2024-07-31', '11', 'ATHARV ', 29, 4, 'KAPU,UDUPI,KARNATAKA', 'SOM', '', 1, 'O', '', 5, NULL, NULL, '', 'A', '2024-07-31 15:55:48', 1, '0000-00-00 00:00:00', 0),
(237, 51, '2024-07-31', '10', 'BHAKTI SINHA', 29, 4, 'HOWRAH,WEST BENGAL', 'SOM', '', 1, 'O', '', 0, NULL, NULL, '', 'A', '2024-07-31 15:57:26', 1, '0000-00-00 00:00:00', 0),
(238, 52, '2024-07-31', '10', 'PARVATI SHIVA', 29, 4, 'BANGALORE,KANATAKA', 'SOM', '', 1, 'O', '', 0, NULL, NULL, '', 'A', '2024-07-31 15:58:04', 1, '0000-00-00 00:00:00', 0),
(239, 53, '2024-07-31', '11', 'NAMITA DEB', 29, 4, 'CHANDANNAGAR,HOOGHLY,WEST BENGAL', 'SOM', '', 1, 'O', '', 5, NULL, NULL, '', 'A', '2024-07-31 15:59:20', 1, '0000-00-00 00:00:00', 0),
(240, 54, '2024-07-31', '11', 'SUBASHINI', 29, 4, 'SANGAREDDY,TELANGANA', 'SOM', '', 1, 'O', '', 5, NULL, NULL, '', 'A', '2024-07-31 16:00:36', 1, '0000-00-00 00:00:00', 0),
(241, 55, '2024-07-31', '10', 'SANJIV KUMAR SHARMA', 29, 4, 'NEW DELHI', 'SOM', '', 1, 'O', '', 0, NULL, NULL, '', 'A', '2024-07-31 16:01:36', 1, '0000-00-00 00:00:00', 0),
(242, 56, '2024-07-31', '10', 'KOORAGAYALA PRAVALLIKA', 29, 4, 'MIYAPUR,BHAGYANAGAR,TELANGANA', 'SOM', '', 1, 'O', '', 0, NULL, NULL, '', 'A', '2024-07-31 16:02:30', 1, '0000-00-00 00:00:00', 0),
(243, 57, '2024-07-31', '10', 'J P PANDEY', 29, 4, 'ALWAR,RAJASTHAN', 'SOM', '', 1, 'O', '', 0, NULL, NULL, '', 'A', '2024-07-31 16:03:22', 1, '0000-00-00 00:00:00', 0),
(244, 58, '2024-07-31', '10', 'USHA ', 29, 4, 'KURUKSHETRA,HARYANA', 'SOM', '', 1, 'O', '', 0, NULL, NULL, '', 'A', '2024-07-31 16:04:22', 1, '0000-00-00 00:00:00', 0),
(245, 59, '2024-07-31', '10', 'NEERAJA SREENIVAS', 29, 4, 'GANDHI NAGAR,BALLARI,KARNATAKA', 'SOM', '', 1, 'O', '', 0, NULL, NULL, '', 'A', '2024-07-31 16:05:26', 1, '0000-00-00 00:00:00', 0),
(246, 60, '2024-07-31', '10', 'HEMA KAMLAKAR DHARMADHIKARI', 29, 4, 'LATUR,MAHARASHTRA', 'SOM', '', 1, 'O', '', 0, NULL, NULL, '', 'A', '2024-07-31 16:06:30', 1, '0000-00-00 00:00:00', 0),
(247, 61, '2024-07-31', '10', 'DHANANJAY BHAGWAT', 29, 4, 'DOMBIVALI E,MUMBAI', 'SOM', '', 1, 'O', '', 0, NULL, NULL, '', 'A', '2024-07-31 16:07:11', 1, '0000-00-00 00:00:00', 0),
(248, 62, '2024-07-31', '11', 'KOTHAMASU VANI RAMA SUJATHA', 29, 4, 'BHIMAVARAM,ANDHRA PRADESH', 'SOM', '', 1, 'O', '', 7, NULL, NULL, '', 'A', '2024-07-31 16:08:14', 1, '0000-00-00 00:00:00', 0),
(249, 63, '2024-07-31', '11', 'MEDAPATI VANI', 29, 4, 'RAVULAPALEM,ANDHRA PRADESH', 'SOM', '', 1, 'O', '', 6, NULL, NULL, '', 'A', '2024-07-31 16:10:13', 1, '0000-00-00 00:00:00', 0),
(250, 64, '2024-07-31', '11', 'MILON ACHARYA', 29, 4, 'BIRBHUM,WEST BENGAL', 'SOM', '', 1, 'O', '', 5, NULL, NULL, '', 'A', '2024-07-31 16:11:08', 1, '0000-00-00 00:00:00', 0),
(251, 65, '2024-07-31', '10', 'NITIN KUMAR SINGHAL', 29, 4, 'BALOTRA,BARMER,RAJATHAN', 'SOM', '', 1, 'O', '', 0, NULL, NULL, '', 'A', '2024-07-31 16:13:17', 1, '0000-00-00 00:00:00', 0),
(252, 66, '2024-07-31', '10', 'SANDHYA VAIDYA', 29, 4, 'INDORE,MP', 'SOM', '', 1, 'O', '', 0, NULL, NULL, '', 'A', '2024-07-31 16:14:13', 1, '0000-00-00 00:00:00', 0),
(253, 67, '2024-07-31', '10', 'MRS ASHA VISHWANATH KARWA', 29, 4, 'PUNE,DANGE CHOWK', 'SOM', '', 1, 'O', '', 0, NULL, NULL, '', 'A', '2024-07-31 16:17:01', 1, '0000-00-00 00:00:00', 0),
(254, 68, '2024-07-31', '11', 'MANGALAGOURI HEGDE', 29, 4, 'BALGAR,PO-AJJIBAL,SIRSI,UTTARA KANNADA,KARNATAKA', 'SOM', '', 1, 'O', '', 5, NULL, NULL, '', 'A', '2024-07-31 16:18:38', 1, '0000-00-00 00:00:00', 0),
(255, 69, '2024-07-31', '10', 'BHARTI RAMDASANI', 29, 4, 'ZINGABAI TAKLI,NAGPUR', 'SOM', '', 1, 'O', '', 0, NULL, NULL, '', 'A', '2024-07-31 16:19:58', 1, '0000-00-00 00:00:00', 0),
(256, 70, '2024-07-31', '10', 'NEELIMA GUPTA', 29, 4, 'VADODARA,GUJRAT', 'SOM', '', 1, 'O', '', 0, NULL, NULL, '', 'A', '2024-07-31 16:20:44', 1, '0000-00-00 00:00:00', 0),
(257, 71, '2024-07-31', '10', 'MINI BHARDWAJ', 29, 4, 'FARIDABAD,HARYANA', 'SOM', '', 1, 'O', '', 0, NULL, NULL, '', 'A', '2024-07-31 16:21:36', 1, '0000-00-00 00:00:00', 0),
(258, 72, '2024-07-31', '11', 'S ANASUYA DEVI', 29, 4, 'SANGAREDDY,TELANGANA', 'SOM', '', 1, 'O', '', 5, NULL, NULL, '', 'A', '2024-07-31 16:22:28', 1, '0000-00-00 00:00:00', 0),
(259, 73, '2024-07-31', '10', 'SHANTI JOSHI', 29, 4, 'PILIBANGAN,HANUMANGARH,RAJASTHAN', 'SOM', '', 1, 'O', '', 0, NULL, NULL, '', 'A', '2024-07-31 16:23:33', 1, '0000-00-00 00:00:00', 0),
(260, 74, '2024-07-31', '10', 'GEETA MUROTHIYA', 29, 4, 'CHITTORGARH,RAJASTHAN', 'SOM', '', 1, 'O', '', 0, NULL, NULL, '', 'A', '2024-07-31 16:24:38', 1, '0000-00-00 00:00:00', 0),
(261, 75, '2024-07-31', '10', 'SANDHYA VINAYAK KULKARNI', 29, 4, 'PUNE,WADGAON BK', 'SOM', '', 1, 'O', '', 0, NULL, NULL, '', 'A', '2024-07-31 16:25:39', 1, '0000-00-00 00:00:00', 0),
(262, 76, '2024-07-31', '10', 'SUPRIYA SHASHANK OAK', 29, 4, 'KOTHRUD,PUNE', 'SOM', '', 1, 'O', '', 0, NULL, NULL, '', 'A', '2024-07-31 16:26:44', 1, '0000-00-00 00:00:00', 0),
(263, 77, '2024-07-31', '10', 'VINAY RAMRAO DESHPANDE', 29, 4, 'CHH SAMBHAJINAGAR', 'SOM', '', 1, 'O', '', 0, NULL, NULL, '', 'A', '2024-07-31 16:27:30', 1, '0000-00-00 00:00:00', 0),
(264, 78, '2024-07-31', '10', 'RAJESH G NAIK,SUZLON ENERGY LTD', 34, 23, 'HADAPSAR,PUNE', 'URGENT,SAGR SIR', '', 1, 'O', '', 0, NULL, NULL, '', 'A', '2024-07-31 16:49:07', 1, '0000-00-00 00:00:00', 0),
(265, 79, '2024-07-31', '10', 'SHWETA MADAM', 32, 19, 'PUNE', 'DAGA', '', 1, 'O', '', 0, NULL, NULL, '', 'A', '2024-07-31 17:47:46', 1, '0000-00-00 00:00:00', 0),
(266, 80, '2024-07-31', '10', 'LALITA SHETTY', 3, 19, 'KURLA W,MUMBAI', 'BAPTE', '', 1, 'O', '', 0, NULL, NULL, '', 'A', '2024-07-31 18:36:19', 1, '0000-00-00 00:00:00', 0),
(267, 81, '2024-07-31', '10', 'ANKIT BHUTADA', 3, 19, 'PUNE', 'YOGESH TIEWARI', '', 1, 'O', '', 0, NULL, NULL, '', 'A', '2024-07-31 18:37:45', 1, '0000-00-00 00:00:00', 0),
(268, 1, '2024-08-01', '9', 'S B ALLOYS', 8, 14, 'PUNE', 'A ROAD', '230220184447', 1, 'I', '', 0, NULL, NULL, '', 'A', '2024-08-01 12:45:48', 1, '0000-00-00 00:00:00', 0),
(269, 2, '2024-08-01', '9', 'RAJAS LABORATORIES', 23, 19, 'KEDGAON,AHMEDNAGAR', 'DANDANE', 'P69376735', 1, 'I', '', 0, NULL, NULL, '', 'A', '2024-08-01 12:47:25', 1, '0000-00-00 00:00:00', 0),
(270, 3, '2024-08-05', '9', 'AMAZON', 47, 26, 'HARYANA', 'JMM', '343086525778', 1, 'I', '', 0, NULL, NULL, '', 'I', '2024-08-01 12:49:01', 1, '0000-00-00 00:00:00', 0),
(271, 4, '2024-04-01', '9', 'BIANCA ARORA', 3, 22, 'MUMBAI', '2KG', '253120372122', 1, 'I', '', 80, NULL, NULL, '', 'A', '2024-08-01 12:50:19', 1, '0000-00-00 00:00:00', 0),
(272, 5, '2024-08-01', '9', 'MSP CORPORATION', 8, 14, 'KOLKATA', 'A ROAD', '24021200024682', 1, 'I', '', 0, NULL, NULL, '', 'A', '2024-08-01 12:51:28', 1, '0000-00-00 00:00:00', 0),
(273, 6, '2024-08-01', '9', 'AMARJYOTHI ENERGY ', 34, 23, 'BANGALORE,KANATAKA', 'AMOL SONAWANE', 'B25551340', 1, 'I', '', 0, NULL, NULL, '', 'A', '2024-08-01 12:52:52', 1, '0000-00-00 00:00:00', 0),
(274, 7, '2024-08-01', '9', 'AJEET JAIN', 6, 19, 'INDORE,MP', 'BACHHAV SIR', '24047100011559', 1, 'I', '', 0, NULL, NULL, '', 'A', '2024-08-01 12:53:54', 1, '0000-00-00 00:00:00', 0),
(275, 1, '2024-08-01', '10', 'HDFC BANK CARDS DIVISION', 32, 19, 'CHENNAI,MOGAPPAIR WEST', 'DAGA', '', 1, 'O', '', 0, NULL, NULL, '', 'A', '2024-08-01 12:55:29', 1, '0000-00-00 00:00:00', 0),
(276, 8, '2024-08-01', '9', 'MSP CORPORATION', 8, 14, 'KOLKATA', 'A ROAD', '24021200024683', 1, 'I', '', 0, NULL, NULL, '', 'A', '2024-08-01 15:51:59', 1, '0000-00-00 00:00:00', 0),
(277, 9, '2024-08-01', '9', 'M/S VORA TEA & IMPEX', 8, 14, 'VASHI, NAVI MUMBAI', 'A ROAD', '24006200494953', 1, 'I', '', 0, NULL, NULL, '', 'I', '2024-08-01 15:53:25', 1, '0000-00-00 00:00:00', 0),
(278, 2, '2024-08-01', '10', 'R K GROUP OF INDUSTRIES', 5, 26, 'MUMBAI,LOWER PAREL', 'RUNWAL SIR', '', 1, 'O', '', 0, NULL, NULL, '', 'A', '2024-08-01 17:32:01', 1, '0000-00-00 00:00:00', 0),
(279, 3, '2024-08-05', '9', 'AMAZON', 47, 26, 'HARYANA', 'JMM', '343086525778', 1, 'O', '', 0, NULL, NULL, '', 'I', '2024-08-01 17:34:07', 1, '0000-00-00 00:00:00', 0),
(280, 4, '2024-04-01', '10', 'BIANCA ARORA', 3, 19, 'MUMBAI', '2KG', '253120372122', 1, 'O', '', 80, NULL, NULL, '', 'A', '2024-08-01 17:36:56', 1, '0000-00-00 00:00:00', 0);
INSERT INTO `post_entry` (`sr_no`, `entry_id`, `entry_date`, `post_type`, `party_name`, `dept_id`, `firm_id`, `city_name`, `remark`, `receipt_no`, `qty`, `flag`, `fr_machine`, `charges`, `rec_no`, `rec_date`, `ret`, `status`, `c_at`, `c_by`, `u_at`, `u_by`) VALUES
(281, 5, '2024-08-01', '10', 'MR RATNAKAR ,ATIM METALS PRIVATE LTD', 3, 19, 'MUMBAI,NARIMAN POINT', 'BAPTE', '', 1, 'O', '', 0, NULL, NULL, '', 'A', '2024-08-01 17:42:40', 1, '0000-00-00 00:00:00', 0),
(282, 6, '2024-08-01', '10', 'HARSHITA SONAWANE', 33, 21, 'MALABAR HILLS,MUMBAI', 'DGM', '', 1, 'O', '', 0, NULL, NULL, '', 'A', '2024-08-01 18:23:14', 1, '0000-00-00 00:00:00', 0),
(283, 1, '2024-08-02', '9', 'P S SULTANE', 3, 19, 'KOLHAPUR', 'SAMIR SULTANE', '258110042953', 1, 'I', '', 0, NULL, NULL, '', 'A', '2024-08-02 11:26:42', 1, '0000-00-00 00:00:00', 0),
(284, 2, '2024-08-02', '9', 'NEMINATH ENT,RAHUL JAIN', 23, 19, 'MUMBAI', 'DANDANE', '5744242000736', 1, 'I', '', 0, NULL, NULL, '', 'A', '2024-08-02 11:28:08', 1, '0000-00-00 00:00:00', 0),
(285, 3, '2024-08-05', '9', 'AMAZON', 47, 26, 'HARYANA', 'JMM', '343086525778', 1, 'I', '', 0, NULL, NULL, '', 'I', '2024-08-02 11:30:06', 1, '0000-00-00 00:00:00', 0),
(286, 4, '2024-04-01', '9', 'BIANCA ARORA', 31, 19, 'MUMBAI', '2KG', '253120372122', 1, 'I', '', 80, NULL, NULL, '', 'A', '2024-08-02 11:37:02', 1, '0000-00-00 00:00:00', 0),
(287, 5, '2024-08-02', '9', 'AMAZON', 12, 19, 'BHIWANDI', 'GMM', '343101555339', 1, 'I', '', 0, NULL, NULL, '', 'A', '2024-08-02 11:38:43', 1, '0000-00-00 00:00:00', 0),
(288, 6, '2024-08-02', '9', 'MRPL', 3, 26, 'PAREL ', 'VINOD SURYAVANSHI', '164800492211', 1, 'I', '', 0, NULL, NULL, '', 'A', '2024-08-02 11:40:25', 1, '0000-00-00 00:00:00', 0),
(289, 7, '2024-08-02', '9', 'MRPL ', 4, 19, 'NIPANI', 'NITIN HASE', '392500025919', 1, 'I', '', 0, NULL, NULL, '', 'A', '2024-08-02 11:41:30', 1, '0000-00-00 00:00:00', 0),
(290, 8, '2024-08-02', '9', 'MRPL', 31, 19, 'PAREL ', 'GHODEKAR', '164800492960', 1, 'I', '', 0, NULL, NULL, '', 'A', '2024-08-02 12:04:42', 1, '0000-00-00 00:00:00', 0),
(291, 9, '2024-08-02', '9', 'S B ALLOYS', 8, 35, 'PUNE', 'A ROAD', '230220184601', 1, 'I', '', 0, NULL, NULL, '', 'I', '2024-08-02 12:07:40', 1, '0000-00-00 00:00:00', 0),
(292, 10, '2024-08-02', '9', 'S B ALLOYS', 8, 35, 'PUNE', 'A ROAD', '230220184607', 1, 'I', '', 0, NULL, NULL, '', 'A', '2024-08-02 12:08:55', 1, '0000-00-00 00:00:00', 0),
(293, 11, '2024-08-02', '9', 'KAILAS SOMANI', 31, 19, 'SOLAPUR', 'GAURAV SIR', '253910088983', 1, 'I', '', 0, NULL, NULL, '', 'A', '2024-08-02 12:10:23', 1, '0000-00-00 00:00:00', 0),
(294, 12, '2024-08-02', '17', 'MANDAL ADHIKARI ,SUS', 15, 19, 'SUS,MULSHI,PUNE', 'ADV PAWBAKE', 'RM319720020IN', 1, 'I', '', 0, NULL, NULL, '', 'A', '2024-08-02 12:21:58', 1, '0000-00-00 00:00:00', 0),
(295, 13, '2024-08-02', '19', 'MAHARSHI VED VYAS PRATISHTHAN', 29, 4, 'PUNE', 'BHANDURGE,SOM', 'EM318993849IN', 1, 'I', '', 0, NULL, NULL, '', 'A', '2024-08-02 12:28:51', 1, '0000-00-00 00:00:00', 0),
(296, 14, '2024-08-02', '19', 'MAHARSHI VED VYAS PRATISHTHAN', 25, 26, 'PUNE', 'BHANDURGE,SOM', 'EM318993702IN', 0, 'I', '', 0, NULL, NULL, '', 'A', '2024-08-02 12:31:10', 1, '0000-00-00 00:00:00', 0),
(297, 15, '2024-08-02', '9', 'AMAZON', 12, 26, 'MUMBAI', 'GMM', '343100669488', 1, 'I', '', 0, NULL, NULL, '', 'A', '2024-08-02 12:32:25', 1, '0000-00-00 00:00:00', 0),
(298, 1, '2024-08-02', '9', 'S INTERNATIONAL', 4, 3, 'SHIRUR,PUNE', 'AJAY DHUMANE', '192700004939', 1, 'O', '', 0, NULL, NULL, '', 'I', '2024-08-02 14:33:26', 1, '0000-00-00 00:00:00', 0),
(299, 16, '2024-08-02', '9', 'S INTERNATIONAL', 4, 3, 'SH', 'AJAY DHUMANE', '192700004939', 1, 'I', '', 0, NULL, NULL, '', 'A', '2024-08-02 14:37:55', 1, '0000-00-00 00:00:00', 0),
(300, 17, '2024-08-02', '9', 'VIJAYA TEA TRADING ', 8, 35, 'MUMBAI', 'A ROAD', '24073193690', 1, 'I', '', 0, NULL, NULL, '', 'A', '2024-08-02 14:39:36', 1, '0000-00-00 00:00:00', 0),
(301, 18, '2024-08-02', '9', 'KUSHAL ENTERPRISES', 8, 35, 'MUMBAI', 'A ROAD', '24073139100', 1, 'I', '', 0, NULL, NULL, '', 'A', '2024-08-02 14:40:54', 1, '0000-00-00 00:00:00', 0),
(302, 19, '2024-08-02', '9', 'VIJAYA TEA TRADING ', 8, 35, 'MUMBAI', 'A ROAD', '24080177940', 1, 'I', '', 0, NULL, NULL, '', 'A', '2024-08-02 14:41:52', 1, '0000-00-00 00:00:00', 0),
(303, 2, '2024-08-02', '10', 'LN SHREYA SHRIPAD KELKAR', 12, 19, 'RATNAGIRI', 'GMM', '', 1, 'O', '', 0, NULL, NULL, '', 'A', '2024-08-02 18:23:13', 1, '0000-00-00 00:00:00', 0),
(304, 3, '2024-08-05', '9', 'AMAZON', 47, 26, 'HARYANA', 'JMM', '343086525778', 1, 'O', '', 0, NULL, NULL, '', 'I', '2024-08-02 18:26:37', 1, '0000-00-00 00:00:00', 0),
(305, 4, '2024-04-01', '10', 'BIANCA ARORA', 3, 19, 'MUMBAI', '2KG', '253120372122', 1, 'O', '', 80, NULL, NULL, '', 'A', '2024-08-02 18:27:42', 1, '0000-00-00 00:00:00', 0),
(306, 5, '2024-08-02', '10', 'L & T FINANCE', 3, 26, 'MUMBAI,SANTACRUZ E', 'BAPTE', '', 1, 'O', '', 0, NULL, NULL, '', 'A', '2024-08-02 18:30:14', 1, '0000-00-00 00:00:00', 0),
(307, 1, '2024-08-03', '9', 'S B ALLOYS', 8, 35, 'PUNE', 'A ROAD', '', 1, 'I', '', 0, NULL, NULL, '', 'A', '2024-08-03 15:03:07', 1, '0000-00-00 00:00:00', 0),
(308, 2, '2024-08-03', '19', 'MUKUL ENT', 23, 19, 'PAREL', 'DANDANE', 'EM719667736IN', 1, 'I', '', 0, NULL, NULL, '', 'A', '2024-08-03 15:05:17', 1, '0000-00-00 00:00:00', 0),
(309, 3, '2024-08-05', '9', 'AMAZON', 47, 26, 'HARYANA', 'JMM', '343086525778', 1, 'I', '', 0, NULL, NULL, '', 'I', '2024-08-03 15:09:43', 1, '0000-00-00 00:00:00', 0),
(310, 4, '2024-04-01', '9', 'BIANCA ARORA', 8, 35, 'MUMBAI', '2KG', '253120372122', 1, 'I', '', 80, NULL, NULL, '', 'A', '2024-08-03 15:16:30', 1, '0000-00-00 00:00:00', 0),
(311, 5, '2024-08-03', '9', 'S B ALLOYS', 8, 35, 'PUNE', 'A ROAD', '230220184715', 1, 'I', '', 0, NULL, NULL, '', 'A', '2024-08-03 15:17:53', 1, '0000-00-00 00:00:00', 0),
(312, 6, '2024-08-03', '9', 'ARUN OVERSEAS', 8, 35, 'SILIGURI', 'A ROAD', '24062200017379', 1, 'I', '', 0, NULL, NULL, '', 'A', '2024-08-03 15:19:25', 1, '0000-00-00 00:00:00', 0),
(313, 7, '2024-08-03', '9', 'KUSHAL ENTERPRISES', 8, 35, 'MUMBAI', 'A ROAD', '24080244820', 1, 'I', '', 0, NULL, NULL, '', 'A', '2024-08-03 15:20:15', 1, '0000-00-00 00:00:00', 0),
(314, 8, '2024-08-03', '9', 'VIJAYA TEA TRADING ', 8, 35, 'MUMBAI', 'A ROAD', '2408023092', 1, 'I', '', 0, NULL, NULL, '', 'A', '2024-08-03 15:21:40', 1, '0000-00-00 00:00:00', 0),
(315, 9, '2024-08-03', '9', 'MANGAL R DHIMATE', 29, 2, 'RAHURI', 'MUTKULE SIr', 'V85612429', 1, 'I', '', 0, NULL, NULL, '', 'I', '2024-08-03 15:23:25', 1, '0000-00-00 00:00:00', 0),
(316, 10, '2024-08-03', '9', 'SARGAM SUPER MARKET PVT LTD', 21, 26, 'KOPARGAON', 'VISHAL VAJPAI/C/O ADIGOPUL SIR(BOX MADHE THEVLE)', '182800107073', 1, 'I', '', 0, NULL, NULL, '', 'A', '2024-08-03 15:41:48', 1, '0000-00-00 00:00:00', 0),
(317, 11, '2024-08-03', '9', 'AMAZON', 48, 26, 'MUMBAI', 'HRM', '343115899276', 1, 'I', '', 0, NULL, NULL, '', 'A', '2024-08-03 15:43:05', 1, '0000-00-00 00:00:00', 0),
(318, 12, '2024-08-03', '9', 'HDFC BANK ,RETURN CHEQUE', 32, 36, 'PUNE', 'SENT TO SHWETA MADAM', '24010200294896', 1, 'I', '', 0, NULL, NULL, '', 'A', '2024-08-03 15:46:19', 1, '0000-00-00 00:00:00', 0),
(319, 13, '2024-08-03', '9', 'BHAIYYASAHEB CHAVAN', 31, 19, 'VAPI', 'GHODEKAR', '1338275921', 1, 'I', '', 0, NULL, NULL, '', 'A', '2024-08-03 15:47:53', 1, '0000-00-00 00:00:00', 0),
(320, 14, '2024-08-03', '9', 'HRISHIKESH KHOJE', 5, 19, 'PUNE', 'ROHIT KURUP', '24212100006873', -2, 'I', '', 0, NULL, NULL, '', 'A', '2024-08-03 15:50:12', 1, '0000-00-00 00:00:00', 0),
(321, 15, '2024-08-03', '9', 'KUSHAL ENTERPRISES', 3, 35, 'MUMBAI', 'DESHMUKH SIR,BILL', '24080296086', 1, 'I', '', 0, NULL, NULL, '', 'A', '2024-08-03 15:51:31', 1, '0000-00-00 00:00:00', 0),
(322, 16, '2024-08-03', '9', 'S B ALLOYS', 3, 35, 'PUNE', 'DESHMUKH SIR,BILL', '230220184700', 1, 'I', '', 0, NULL, NULL, '', 'A', '2024-08-03 15:52:18', 1, '0000-00-00 00:00:00', 0),
(323, 17, '2024-08-03', '9', 'BAJAJ PARIVAHAN', 3, 35, 'JALGAON', 'DESHMUKH SIR,BILL', '1727170599', 1, 'I', '', 0, NULL, NULL, '', 'A', '2024-08-03 15:53:47', 1, '0000-00-00 00:00:00', 0),
(324, 18, '2024-08-03', '9', 'KAILAS GAGARE', 31, 19, 'JALGAON', 'GHODEKAR', '281510113589', 1, 'I', '', 0, NULL, NULL, '', 'A', '2024-08-03 15:54:57', 1, '0000-00-00 00:00:00', 0),
(325, 19, '2024-08-03', '22', 'RECEPTION PUNE', 21, 3, 'PUNE', 'A ROAD', 'NA', 1, 'I', '', 0, NULL, NULL, '', 'A', '2024-08-03 16:11:05', 1, '0000-00-00 00:00:00', 0),
(326, 20, '2024-08-03', '19', 'LN SURESH GAIKWAD', 12, 26, 'NANGARGAON,LONAVALA', 'GMM,(RAKHI)', 'EM342936100IN', 1, 'I', '', 0, NULL, NULL, '', 'A', '2024-08-03 16:13:52', 1, '0000-00-00 00:00:00', 0),
(327, 21, '2024-08-03', '19', 'VIJAYA TEA TRADING ', 12, 26, 'MUMBAI', 'A ROAD', '24080542674', 1, 'I', '', 0, NULL, NULL, '', 'A', '2024-08-03 16:15:24', 1, '0000-00-00 00:00:00', 0),
(328, 22, '2024-08-03', '19', 'BOI ,CARD', 3, 19, 'MANIPAL,KARNATAKA', 'VISPUTE SIR', 'JC344623461IN', 1, 'I', '', 0, NULL, NULL, '', 'A', '2024-08-03 16:17:15', 1, '0000-00-00 00:00:00', 0),
(329, 1, '2024-08-03', '10', 'SHWETA MADAM', 32, 19, 'PUNE', 'RETURN CHEQUE HDFC BANK OF M ESTATES M SOULSTRING MCA W', '', 1, 'O', '', 0, NULL, NULL, '', 'A', '2024-08-03 16:20:30', 1, '0000-00-00 00:00:00', 0),
(330, 2, '2024-08-03', '10', 'PRITI MADAM', 21, 19, 'PUNE', 'SHUKLA MADAM/KANAWADE VIJAY', '', 1, 'O', '', 0, NULL, NULL, '', 'A', '2024-08-03 16:24:20', 1, '0000-00-00 00:00:00', 0),
(331, 3, '2024-08-05', '9', 'AMAZON', 47, 26, 'HARYANA', 'JMM', '343086525778', 1, 'O', '', 0, NULL, NULL, '', 'I', '2024-08-03 17:21:37', 1, '0000-00-00 00:00:00', 0),
(332, 4, '2024-04-01', '10', 'BIANCA ARORA', 32, 19, 'MUMBAI', '2KG', '253120372122', 1, 'O', '', 80, NULL, NULL, '', 'A', '2024-08-03 17:22:50', 1, '0000-00-00 00:00:00', 0),
(333, 5, '2024-08-03', '10', 'KULDHARAN DIGAMBAR', 23, 22, 'PUNE', 'DANDANE', '', 1, 'O', '', 0, NULL, NULL, '', 'A', '2024-08-03 17:26:16', 1, '0000-00-00 00:00:00', 0),
(334, 1, '2024-08-05', '9', 'AMAZON', 48, 26, 'BANGALORE', 'HRM', '343115016758', 1, 'I', '', 0, NULL, NULL, '', 'A', '2024-08-05 10:01:26', 1, '0000-00-00 00:00:00', 0),
(335, 2, '2024-08-05', '9', 'AMAZON', 48, 26, 'BHIWANDI', 'HRM', '343134958541', 1, 'I', '', 0, NULL, NULL, '', 'A', '2024-08-05 10:02:55', 1, '0000-00-00 00:00:00', 0),
(336, 3, '2024-08-05', '9', 'AMAZON', 47, 26, 'HARYANA', 'JMM', '343086525778', 1, 'I', '', 0, NULL, NULL, '', 'I', '2024-08-05 10:04:51', 1, '0000-00-00 00:00:00', 0),
(337, 23, '2024-08-03', '9', 'AMAZON', 12, 26, 'MUMBAI', 'GMM-ETURN PARCEL,AS PER DISSCUS GMM', '343100669488', 1, 'I', '', 0, NULL, NULL, '', 'A', '2024-08-05 10:08:44', 1, '0000-00-00 00:00:00', 0),
(338, 20, '2024-08-02', '1', 'MRS RINKU M AGRAWAL', 24, 26, 'AKOLA', 'RMM,RAKHI', 'NA', 1, 'I', '', 0, NULL, NULL, '', 'A', '2024-08-05 10:11:30', 1, '0000-00-00 00:00:00', 0),
(339, 10, '2024-08-01', '9', 'SHAILESH R MUNDADA', 29, 2, 'BEED', 'SHRAVAN S MUNDADA', '1727294880', 1, 'I', '', 0, NULL, NULL, '', 'A', '2024-08-05 10:15:02', 1, '0000-00-00 00:00:00', 0),
(340, 11, '2024-08-01', '9', 'RAGHNAIL INSURANCE', 34, 23, 'BANGALORE', 'BANKAR SIR,C/O SAGAR SIR', '24090200063869', 1, 'I', '', 0, NULL, NULL, '', 'A', '2024-08-05 10:18:16', 1, '0000-00-00 00:00:00', 0),
(341, 12, '2024-08-01', '19', 'MAHARSHI VED VYAS PRATISHTHAN', 3, 4, 'PUNE', 'KHOJE SATISH/C/O AMIT JADHAV SIR', 'EM364912122IN', 1, 'I', '', 0, NULL, NULL, '', 'A', '2024-08-05 10:20:08', 1, '0000-00-00 00:00:00', 0),
(342, 13, '2024-08-01', '9', 'SELLA BABE BY SK', 12, 26, 'WEST DELHI', 'GMM', '1091306243721', 1, 'I', '', 0, NULL, NULL, '', 'A', '2024-08-05 10:22:40', 1, '0000-00-00 00:00:00', 0),
(343, 14, '2024-08-01', '9', 'DR SANJEEV M DOLE', 44, 3, 'PUNE', 'SMM MED', 'P69162830', 1, 'I', '', 0, NULL, NULL, '', 'A', '2024-08-05 10:24:52', 1, '0000-00-00 00:00:00', 0),
(344, 4, '2024-04-01', '9', 'BIANCA ARORA', 49, 26, 'MUMBAI', '2KG', '253120372122', 1, 'I', '', 80, NULL, NULL, '', 'A', '2024-08-05 10:35:51', 1, '0000-00-00 00:00:00', 0),
(345, 5, '2024-08-05', '9', 'S M D AYUB MD YAQUB JAMIL', 23, 19, 'MUMBAI', 'DANDANE', '1696270896', 1, 'I', '', 0, NULL, NULL, '', 'A', '2024-08-05 12:08:36', 1, '0000-00-00 00:00:00', 0),
(346, 6, '2024-08-05', '9', 'JAINAM INTERNATIONAL', 23, 3, 'MUMBAI', 'RUPESH UPADHYE,A ROAD', '1696270882', 1, 'I', '', 0, NULL, NULL, '', 'A', '2024-08-05 12:12:51', 1, '0000-00-00 00:00:00', 0),
(347, 7, '2024-08-05', '9', 'SWAROOP KUTNIKAR', 31, 19, 'BANGALORE', 'GAURAV SIR', '24038200192084', 1, 'I', '', 0, NULL, NULL, '', 'A', '2024-08-05 12:20:08', 1, '0000-00-00 00:00:00', 0),
(348, 8, '2024-08-05', '9', 'MRPL', 31, 19, 'PAREL ', 'GHODEKAR', '164800529652', 1, 'I', '', 0, NULL, NULL, '', 'A', '2024-08-05 12:40:02', 1, '0000-00-00 00:00:00', 0),
(349, 9, '2024-08-05', '9', 'MANGAL R DHIMATE', 8, 35, 'RAHURI', 'MUTKULE SIr', '330200180149', 1, 'I', '', 0, NULL, NULL, '', 'I', '2024-08-05 12:41:03', 1, '0000-00-00 00:00:00', 0),
(350, 10, '2024-08-05', '9', 'MUNDHRA TEA COMPANY', 8, 35, 'GUWAHATI', 'A ROAD', '17483233084', 1, 'I', '', 0, NULL, NULL, '', 'A', '2024-08-05 12:42:06', 1, '0000-00-00 00:00:00', 0),
(351, 11, '2024-08-05', '9', 'MUNDHRA TEA COMPANY', 8, 35, 'GUWAHATI', 'A ROAD', '17483232841', 1, 'I', '', 0, NULL, NULL, '', 'A', '2024-08-05 12:43:03', 1, '0000-00-00 00:00:00', 0),
(352, 12, '2024-08-05', '9', 'KUSHAL ENTERPRISES', 8, 35, 'MUMBAI', 'A ROAD', '24080375908', 1, 'I', '', 0, NULL, NULL, '', 'A', '2024-08-05 12:43:50', 1, '0000-00-00 00:00:00', 0),
(353, 13, '2024-08-05', '9', 'MUNDHRA TEA COMPANY', 8, 35, 'GUWAHATI', 'A ROAD', '17483232756', 1, 'I', '', 0, NULL, NULL, '', 'A', '2024-08-05 12:45:01', 1, '0000-00-00 00:00:00', 0),
(354, 14, '2024-08-05', '9', 'LAKHESWARI TEA INDUSTRIES', 8, 35, 'SONITPUR,ASSAM', 'A ROAD', '16774403995', 1, 'I', '', 0, NULL, NULL, '', 'A', '2024-08-05 12:46:37', 1, '0000-00-00 00:00:00', 0),
(355, 15, '2024-08-05', '9', 'MSP CORPORATION', 8, 35, 'KOLKATA', 'A ROAD', '24021200024691', 1, 'I', '', 0, NULL, NULL, '', 'A', '2024-08-05 12:47:32', 1, '0000-00-00 00:00:00', 0),
(356, 16, '2024-08-05', '9', 'SANJAY SHINDE', 31, 19, 'CHIKHLI', 'GAURAV SIR', '24042100024284', 1, 'I', '', 0, NULL, NULL, '', 'A', '2024-08-05 12:49:00', 1, '0000-00-00 00:00:00', 0),
(357, 17, '2024-08-05', '9', 'KRUSHNA GORE', 31, 19, 'SURAT', 'GHODEKAR', '1472906940', 1, 'I', '', 0, NULL, NULL, '', 'A', '2024-08-05 12:50:01', 1, '0000-00-00 00:00:00', 0),
(358, 18, '2024-08-05', '19', 'VILAS BRAMHANE', 31, 19, 'KINWAT', 'GHODEKAR', 'EM441584608IN', 1, 'I', '', 0, NULL, NULL, '', 'A', '2024-08-05 12:51:20', 1, '0000-00-00 00:00:00', 0),
(359, 19, '2024-08-05', '9', 'R KABRA & CO LLP', 3, 19, 'NARIMAN POINT,MUMBAI', 'KURUP ROHIT', '100055966912', 1, 'I', '', 0, NULL, NULL, '', 'A', '2024-08-05 12:52:55', 1, '0000-00-00 00:00:00', 0),
(360, 20, '2024-08-05', '9', 'AMAZON', 48, 26, 'TAMIL NADU', 'HRM', '343129944245', 1, 'I', '', 0, NULL, NULL, '', 'A', '2024-08-05 14:10:20', 1, '0000-00-00 00:00:00', 0),
(361, 21, '2024-08-05', '9', 'VIJAYA TEA TRADING ', 24, 26, 'MUMBAI', 'A ROAD', '24080542674', 1, 'I', '', 0, NULL, NULL, '', 'A', '2024-08-05 14:12:10', 1, '0000-00-00 00:00:00', 0),
(362, 22, '2024-08-05', '9', 'AMAZON', 48, 26, 'LUCKNOW', 'HRM', '343118124665', 1, 'I', '', 0, NULL, NULL, '', 'A', '2024-08-05 14:13:28', 1, '0000-00-00 00:00:00', 0),
(363, 23, '2024-08-05', '9', 'S B ALLOYS', 8, 35, 'PUNE', 'A ROAD', '230220184823', 1, 'I', '', 0, NULL, NULL, '', 'A', '2024-08-05 14:14:41', 1, '0000-00-00 00:00:00', 0),
(364, 24, '2024-08-05', '9', 'S B ALLOYS', 8, 35, 'PUNE', 'A ROAD', '230220184819', 1, 'I', '', 0, NULL, NULL, '', 'A', '2024-08-05 14:15:52', 1, '0000-00-00 00:00:00', 0),
(365, 25, '2024-08-05', '9', 'SHIVAJI LALGAE', 31, 19, 'KOLHAPUR', 'GAURAV SIR', '258110043104', 1, 'I', '', 0, NULL, NULL, '', 'A', '2024-08-05 14:23:12', 1, '0000-00-00 00:00:00', 0),
(366, 26, '2024-08-05', '9', 'UMESH SHARMA', 31, 19, 'AKOLA', 'GAURAV SIR', '270110358044', 1, 'I', '', 0, NULL, NULL, '', 'A', '2024-08-05 14:24:23', 1, '0000-00-00 00:00:00', 0),
(367, 27, '2024-08-05', '9', 'FOURTH DIMENSION ARCHITECTS PRIVATE LIMITED', 6, 19, 'PUNE', 'PABALE SIR', '100044780092', 1, 'I', '', 0, NULL, NULL, '', 'A', '2024-08-05 14:26:17', 1, '0000-00-00 00:00:00', 0),
(368, 28, '2024-08-05', '9', 'GARG INTERNATIONAL', 29, 2, 'ALIGARH,UP', 'BHANDURGE S', 'U31384661', 1, 'I', '', 0, NULL, NULL, '', 'A', '2024-08-05 14:28:07', 1, '0000-00-00 00:00:00', 0),
(369, 29, '2024-08-05', '9', 'RAJAS LABORATORIES', 23, 19, 'KEDGAON,AHMEDNAGAR', 'DANDANE', 'P69443653', 1, 'I', '', 0, NULL, NULL, '', 'A', '2024-08-05 14:30:04', 1, '0000-00-00 00:00:00', 0),
(370, 30, '2024-08-05', '9', 'DaMENSCH APPAREL LIMITED', 12, 26, 'KOLKATA', 'GMM', '410011499970', 1, 'I', '', 0, NULL, NULL, '', 'A', '2024-08-05 15:50:54', 1, '0000-00-00 00:00:00', 0),
(371, 31, '2024-08-05', '9', 'K P AYYAPPAN', 8, 35, 'THEVARAM', 'DSM', '20667506985', 1, 'I', '', 0, NULL, NULL, '', 'A', '2024-08-05 15:59:21', 1, '0000-00-00 00:00:00', 0),
(372, 32, '2024-08-05', '9', 'K P AYYAPPAN', 8, 35, 'THEVARAM', 'DSM', '20656972431', 1, 'I', '', 0, NULL, NULL, '', 'A', '2024-08-05 16:00:34', 1, '0000-00-00 00:00:00', 0),
(373, 1, '2024-04-01', '10', 'MALVIKA AHER', 33, 21, 'THANE', '2KG', '253120372123', 1, 'O', '', 80, NULL, NULL, '', 'A', '2024-08-05 16:39:00', 1, '0000-00-00 00:00:00', 0),
(374, 2, '2024-04-01', '10', 'AYESHA KANGA', 33, 21, 'MUMBAI', '1KG', '253120372124', 1, 'O', '', 40, NULL, NULL, '', 'A', '2024-08-05 16:40:43', 1, '0000-00-00 00:00:00', 0),
(375, 3, '2024-04-01', '10', 'RHEA MALVI', 33, 21, 'MUMBAI', '1KG', '253120372121', 1, 'O', '', 40, NULL, NULL, '', 'A', '2024-08-05 16:42:49', 1, '0000-00-00 00:00:00', 0),
(376, 4, '2024-04-01', '10', 'BIANCA ARORA', 33, 21, 'MUMBAI', '2KG', '253120372122', 1, 'O', '', 80, NULL, NULL, '', 'A', '2024-08-05 16:44:38', 1, '0000-00-00 00:00:00', 0),
(377, 5, '2024-04-01', '10', 'MAITRI THAKKAR', 33, 21, 'MUMBAI', '1KG', '253120372125', 1, 'O', '', 40, NULL, NULL, '', 'A', '2024-08-05 17:07:34', 1, '0000-00-00 00:00:00', 0),
(378, 6, '2024-04-01', '10', 'REGEN INFRA', 34, 23, 'HALVAD', 'URGENT,SAGR SIR', '253120372126', 1, 'O', '', 350, NULL, NULL, '', 'A', '2024-08-05 17:09:26', 1, '0000-00-00 00:00:00', 0),
(379, 7, '2024-04-01', '10', 'APARNA MADAM', 3, 19, 'PUNE', '750 GM', '253120372128', 1, 'O', '', 40, NULL, NULL, '', 'A', '2024-08-05 17:10:36', 1, '0000-00-00 00:00:00', 0),
(380, 8, '2024-04-01', '10', 'MRPL', 30, 19, 'PAREL', '200GM', '253120372127', 1, 'O', '', 25, NULL, NULL, '', 'A', '2024-08-05 17:12:07', 1, '0000-00-00 00:00:00', 0),
(381, 9, '2024-08-01', '10', 'MANGAL R DHIMATE', 33, 21, 'RAHURI', 'MUTKULE SIr', '253120372131', 1, 'O', '', 80, NULL, NULL, '', 'A', '2024-08-05 17:14:00', 1, '0000-00-00 00:00:00', 0),
(382, 10, '2024-04-01', '10', 'SKINDEEP KUMAR', 33, 21, 'DELHI', '1KG', '253120372129', 1, 'O', '', 80, NULL, NULL, '', 'A', '2024-08-05 17:15:40', 1, '0000-00-00 00:00:00', 0),
(383, 11, '2024-04-01', '10', 'AKSHITA ROHILA', 33, 21, 'FARIDABAD,HARYANA', '1KG', '253120372130', 1, 'O', '', 80, NULL, NULL, '', 'A', '2024-08-05 17:27:54', 1, '0000-00-00 00:00:00', 0),
(384, 1, '2024-04-02', '10', 'KALPATARU MARKETING ', 30, 35, 'PUNE', 'SALES', '253120372132', 1, 'O', '', 10, NULL, NULL, '', 'A', '2024-08-05 17:29:27', 1, '0000-00-00 00:00:00', 0),
(385, 2, '2024-04-02', '10', 'JYOTI', 33, 21, 'AMRAVATI', '1KG,40 ADVANCE PAID', '253120372135', 1, 'O', '', 40, NULL, NULL, '', 'A', '2024-08-05 17:36:36', 1, '0000-00-00 00:00:00', 0),
(386, 3, '2024-04-02', '10', 'NUVAMA GROUP', 3, 19, 'MUMBAI', 'BAPTE', '253120372134', 1, 'O', '', 10, NULL, NULL, '', 'A', '2024-08-05 17:37:50', 1, '0000-00-00 00:00:00', 0),
(387, 4, '2024-04-02', '10', 'FILTER COFFEE CO', 33, 21, 'MUMBAI', '4.5KG', '253120372136', 1, 'O', '', 200, NULL, NULL, '', 'A', '2024-08-05 17:46:22', 1, '0000-00-00 00:00:00', 0),
(388, 5, '2024-04-02', '10', 'FILTER COFFEE CO', 33, 21, 'MUMBAI', '4.5', '253120372138', 1, 'O', '', 200, NULL, NULL, '', 'A', '2024-08-05 17:48:11', 1, '0000-00-00 00:00:00', 0),
(389, 6, '2024-04-02', '10', 'MANGAL RATHI', 30, 19, 'KALABURGI', '300GM', 'P83539890', 1, 'O', '', 120, NULL, NULL, '', 'A', '2024-08-05 17:50:46', 1, '0000-00-00 00:00:00', 0),
(390, 7, '2024-04-02', '10', 'SAHIBA WAKA', 33, 21, 'CHANDIGARH', '2KG', '977639022', 1, 'O', '', 160, NULL, NULL, '', 'A', '2024-08-05 17:53:03', 1, '0000-00-00 00:00:00', 0),
(391, 8, '2024-04-02', '10', 'INOX GREEN ENERGY', 34, 23, 'BIJAPUR', 'URGENT,SAGR SIR', 'V83539891', 1, 'O', '', 350, NULL, NULL, '', 'A', '2024-08-05 18:24:34', 1, '0000-00-00 00:00:00', 0),
(392, 4, '2024-08-05', '10', 'SARGAM RETAILS PVT LTD', 3, 26, 'PAREL,MUMBAI', 'A/C', '', 1, 'O', '', 0, NULL, NULL, '', 'I', '2024-08-05 18:25:54', 1, '0000-00-00 00:00:00', 0),
(393, 33, '2024-08-05', '9', 'AMAZON', 47, 26, 'HARYANA', 'JMM', '343086525778', 1, 'I', '', 0, NULL, NULL, '', 'A', '2024-08-05 18:31:05', 1, '0000-00-00 00:00:00', 0),
(394, 5, '2024-08-05', '10', 'APARNA MADAM', 3, 19, 'PUNE', 'A/C', '', 1, 'O', '', 0, NULL, NULL, '', 'I', '2024-08-05 18:32:45', 1, '0000-00-00 00:00:00', 0),
(395, 6, '2024-08-05', '10', 'APARNA MADAM', 3, 19, 'PUNE', 'A/C', '', 1, 'O', '', 0, NULL, NULL, '', 'I', '2024-08-05 18:34:44', 1, '0000-00-00 00:00:00', 0),
(396, 7, '2024-08-05', '10', 'SARGAM RETAILS PVT LTD', 3, 26, 'PAREL ', 'A/C', '', 1, 'O', '', 0, NULL, NULL, '', 'I', '2024-08-06 10:51:39', 1, '0000-00-00 00:00:00', 0),
(397, 1, '2024-08-06', '9', 'S B ALLOYS', 8, 35, 'PUNE', 'A ROAD', '24062200013384', 1, 'I', '', 0, NULL, NULL, '', 'A', '2024-08-06 10:53:38', 1, '0000-00-00 00:00:00', 0),
(398, 2, '2024-08-06', '9', 'SANCHETI TEA PVT LTD', 8, 35, 'SILIGURI', 'A ROAD', '24062200017402', 1, 'I', '', 0, NULL, NULL, '', 'A', '2024-08-06 10:54:56', 1, '0000-00-00 00:00:00', 0),
(399, 1, '2024-08-06', '10', 'SARGAM RETAILS PVT LTD', 3, 26, 'PAREL ', 'A/C', '', 1, 'O', '', 0, NULL, NULL, '', 'I', '2024-08-06 10:55:52', 1, '0000-00-00 00:00:00', 0),
(400, 1, '2024-08-05', '10', 'SARGAM RETAILS PVT LTD', 3, 26, 'PAREL ', 'A/C', '', 1, 'O', '', 0, NULL, NULL, '', 'A', '2024-08-06 10:57:11', 1, '0000-00-00 00:00:00', 0),
(401, 2, '2024-08-05', '10', 'VANDANA ENTERPRISES,KRUSHNAMURTI SIR', 3, 19, 'BANGALORE', 'VISPUTE SIR', '', 1, 'O', '', 0, NULL, NULL, '', 'A', '2024-08-06 11:00:02', 1, '0000-00-00 00:00:00', 0),
(402, 3, '2024-08-05', '10', 'APARNA MADAM', 3, 19, 'PUNE', 'A/C', '', 1, 'O', '', 0, NULL, NULL, '', 'A', '2024-08-06 11:00:36', 1, '0000-00-00 00:00:00', 0),
(403, 4, '2024-08-05', '10', 'HEMANTKUMAR V PANDYA,WIND WORLD INDIA LTD', 34, 23, 'VADODARA,GUJRAT', 'URGENT,AMOL SIR', '', 1, 'O', '', 0, NULL, NULL, '', 'A', '2024-08-06 11:02:22', 1, '0000-00-00 00:00:00', 0),
(404, 3, '2024-08-06', '9', 'SHAILAJA BRAHMANKAR', 29, 4, 'NASHIK', 'BHANDURGE D', '24033100041212', 1, 'I', '', 0, NULL, NULL, '', 'A', '2024-08-06 11:21:55', 1, '0000-00-00 00:00:00', 0),
(405, 4, '2024-08-06', '9', 'RAJESH SOMANI', 31, 19, 'PUNE', 'GHODEKAR', '24010100030263', 1, 'I', '', 0, NULL, NULL, '', 'A', '2024-08-06 11:26:17', 1, '0000-00-00 00:00:00', 0),
(406, 5, '2024-08-06', '9', 'SHIVAJI LALGAE', 31, 19, 'KOLHAPUR', 'GAURAV SIR', '392500025941', 1, 'I', '', 0, NULL, NULL, '', 'A', '2024-08-06 11:35:10', 1, '0000-00-00 00:00:00', 0),
(407, 6, '2024-08-06', '9', 'GANPAT SHWLKE', 31, 19, 'BHUM,DHARASHIV', 'GHODEKAR', '100003137164', 1, 'I', '', 0, NULL, NULL, '', 'A', '2024-08-06 11:36:13', 1, '0000-00-00 00:00:00', 0),
(408, 7, '2024-08-06', '9', 'JAYKAY ENTERPRISES', 8, 35, 'COONOOR', 'A ROAD', '100129872212', 1, 'I', '', 0, NULL, NULL, '', 'A', '2024-08-06 11:37:16', 1, '0000-00-00 00:00:00', 0),
(409, 8, '2024-08-06', '19', 'TMT LOGISTICS', 3, 35, 'COONOOR', 'DESHMUKH SIR,BILL', 'ET989213794IN', 1, 'I', '', 0, NULL, NULL, '', 'A', '2024-08-06 12:35:27', 1, '0000-00-00 00:00:00', 0),
(410, 9, '2024-08-06', '19', 'MANGAL R DHIMATE', 12, 26, 'RAHURI', 'MUTKULE SIr', 'EM366013201IN', 1, 'I', '', 0, NULL, NULL, '', 'A', '2024-08-06 12:36:43', 1, '0000-00-00 00:00:00', 0),
(411, 10, '2024-08-06', '1', 'NO NAME', 48, 26, 'NO NAME ', 'BY POST,FOR HARSH BHAU', 'NA', 1, 'I', '', 0, NULL, NULL, '', 'A', '2024-08-06 12:38:37', 1, '0000-00-00 00:00:00', 0),
(412, 11, '2024-08-06', '19', 'TATA CONSUMER PRODUCTS LIMITED', 25, 26, 'MUMBAI', 'ROM,C/O BAPTE SIR', 'JN273568566IN', 1, 'I', '', 0, NULL, NULL, '', 'A', '2024-08-06 12:40:15', 1, '0000-00-00 00:00:00', 0),
(413, 12, '2024-08-06', '21', 'HDFC BANK,STATEMENT', 32, 19, 'CHENNAI', 'LANDLORD PROPERTIES PRIVATE LTD,SENT TO SHWETA MADAM', '16100906010652', 1, 'I', '', 0, NULL, NULL, '', 'A', '2024-08-06 12:46:32', 1, '0000-00-00 00:00:00', 0),
(414, 13, '2024-08-06', '9', 'VAIBHAV MEHATA,ALPHA ALTERNATIVE', 3, 19, 'DADAR W,MUMBAI', 'BAPTE', 'M38927079', 1, 'I', '', 0, NULL, NULL, '', 'A', '2024-08-06 14:48:18', 1, '0000-00-00 00:00:00', 0),
(415, 14, '2024-08-06', '9', 'TEJAS BHANSALI', 21, 19, 'LONAVALA', 'BHAIRAV NIGHUTE', 'P69493711', 1, 'I', '', 0, NULL, NULL, '', 'A', '2024-08-06 14:49:29', 1, '0000-00-00 00:00:00', 0),
(416, 15, '2024-08-06', '9', 'KRUSHNA DIGHE', 31, 19, 'DHULE', 'GHODEKAR', '943634585', 1, 'I', '', 0, NULL, NULL, '', 'A', '2024-08-06 14:51:34', 1, '0000-00-00 00:00:00', 0),
(417, 16, '2024-08-06', '9', 'MAA ANNAPURNA TRANSPORT AGENCY PVT LTD', 3, 35, 'KOLHAPUR,SHIROLI', 'DESHMUKH SIR,BILL', 'P69446071', 1, 'I', '', 0, NULL, NULL, '', 'A', '2024-08-06 14:52:57', 1, '0000-00-00 00:00:00', 0),
(418, 17, '2024-08-06', '9', 'HEMANT BHANGALE', 31, 19, 'AKOLA', 'GAURAV SIR', '270110358363', 1, 'I', '', 0, NULL, NULL, '', 'A', '2024-08-06 14:54:26', 1, '0000-00-00 00:00:00', 0),
(419, 18, '2024-08-06', '9', 'R B DESAI & CO', 23, 35, 'KALUPUR,AHMEDABAD', 'DANDANE', '103221436213', 1, 'I', '', 0, NULL, NULL, '', 'A', '2024-08-06 14:55:29', 1, '0000-00-00 00:00:00', 0),
(420, 19, '2024-08-06', '9', 'KAILAS SOMANI', 31, 19, 'SOLAPUR', 'GAURAV SIR', '253910089138', 1, 'I', '', 0, NULL, NULL, '', 'A', '2024-08-06 14:56:45', 1, '0000-00-00 00:00:00', 0),
(421, 20, '2024-08-06', '9', 'S B ALLOYS', 8, 35, 'PUNE', 'A ROAD', '230220184919', 1, 'I', '', 0, NULL, NULL, '', 'A', '2024-08-06 14:57:44', 1, '0000-00-00 00:00:00', 0),
(422, 21, '2024-08-06', '9', 'VIJAYA TEA TRADING ', 8, 35, 'MUMBAI', 'A ROAD', '24080542674', 1, 'I', '', 0, NULL, NULL, '', 'A', '2024-08-06 14:58:54', 1, '0000-00-00 00:00:00', 0),
(423, 1, '2024-08-06', '10', 'BHAVYA ARORA', 33, 21, 'SURAT,GUJRAT', 'DGM', '', 1, 'O', '', 0, NULL, NULL, '', 'A', '2024-08-06 15:01:07', 1, '0000-00-00 00:00:00', 0),
(424, 22, '2024-08-06', '19', 'UNITED INDIA INSURANCE CO LTD', 13, 15, 'SANGAMNER', 'UPADHYE ASHOK', '253120398411', 1, 'I', '', 0, NULL, NULL, '', 'A', '2024-08-06 15:24:35', 1, '0000-00-00 00:00:00', 0),
(425, 2, '2024-08-06', '10', 'GURLEEN KAUR GAMBHIR', 33, 21, 'ANDHERI,MUMBAI', 'DGM', '', 1, 'O', '', 0, NULL, NULL, '', 'A', '2024-08-06 18:17:23', 1, '0000-00-00 00:00:00', 0),
(426, 3, '2024-08-06', '10', 'LALITA SHETTY', 3, 19, 'KURLA W,MUMBAI', 'BAPTE', '', 1, 'O', '', 0, NULL, NULL, '', 'A', '2024-08-06 18:18:35', 1, '0000-00-00 00:00:00', 0),
(427, 4, '2024-08-06', '10', 'APARNA MADAM', 3, 19, 'PUNE', 'A/C', '', 1, 'O', '', 0, NULL, NULL, '', 'A', '2024-08-06 18:19:31', 1, '0000-00-00 00:00:00', 0),
(428, 5, '2024-08-06', '10', 'GANESH JADHAV', 30, 19, 'MUNDHAVARE ,VADGAON MAVAL,PUNE', 'JOSHI Y', '', 1, 'O', '', 0, NULL, NULL, '', 'A', '2024-08-06 18:21:37', 1, '0000-00-00 00:00:00', 0),
(429, 6, '2024-08-06', '10', 'KAILAS GAGARE', 30, 19, 'JALGAON', 'SALES', '', 1, 'O', '', 0, NULL, NULL, '', 'A', '2024-08-06 18:22:45', 1, '0000-00-00 00:00:00', 0),
(430, 1, '2024-08-07', '9', 'RAJESH HARI PAWAR', 31, 19, 'MANGAON,RAIGAD', 'GAURAV SIR', '24079200149570', 1, 'I', '', 0, NULL, NULL, '', 'A', '2024-08-07 10:17:38', 1, '0000-00-00 00:00:00', 0),
(431, 2, '2024-08-07', '9', 'MSP CORPORATION', 8, 35, 'KOLKATA', 'A ROAD', '24021200058443', 1, 'I', '', 0, NULL, NULL, '', 'A', '2024-08-07 10:18:10', 1, '0000-00-00 00:00:00', 0),
(432, 3, '2024-08-07', '9', 'VORA TEA & IMPEX', 8, 35, 'VASHI,NAVI MUMBAI', 'A ROAD', '24435200057079', 1, 'I', '', 0, NULL, NULL, '', 'A', '2024-08-07 10:19:14', 1, '0000-00-00 00:00:00', 0),
(433, 4, '2024-08-07', '9', 'VORA TEA & IMPEX', 8, 35, 'VASHI,NAVI MUMBAI', 'A ROAD', '24435200057070', 1, 'I', '', 0, NULL, NULL, '', 'A', '2024-08-07 10:20:24', 1, '0000-00-00 00:00:00', 0),
(434, 5, '2024-08-07', '9', 'R A PATHAN', 31, 19, 'VIJAYAPUR,KARNATAKA', 'GAURAV SIR', '1727188013', 1, 'I', '', 0, NULL, NULL, '', 'A', '2024-08-07 10:43:04', 1, '0000-00-00 00:00:00', 0),
(435, 9, '2024-04-02', '10', 'ARIHANT INSTITUTE OF BUSINSS', 3, 20, 'PUNE', 'AMIT JADHAV ,URGENT', '253120372139', 1, 'O', '', 175, NULL, NULL, '', 'A', '2024-08-07 11:18:34', 1, '0000-00-00 00:00:00', 0),
(436, 10, '2024-04-02', '10', 'PRITI MADAM', 3, 19, 'PUNE', 'A/C', '253120372140', 1, 'O', '', 10, NULL, NULL, '', 'A', '2024-08-07 11:20:15', 1, '0000-00-00 00:00:00', 0),
(437, 1, '2024-04-03', '10', 'NUVAMA GROUP', 3, 19, 'MUMBAI', 'BAPTE', '253120372154', 1, 'O', '', 10, NULL, NULL, '', 'A', '2024-08-07 11:22:31', 1, '0000-00-00 00:00:00', 0),
(438, 2, '2024-04-03', '10', 'ASIAN MARKETS SEC', 3, 19, 'MUMBAI', 'BAPTE,200GM', '253120372155', 1, 'O', '', 25, NULL, NULL, '', 'A', '2024-08-07 11:26:46', 1, '0000-00-00 00:00:00', 0),
(439, 3, '2024-04-03', '10', 'NANCY KHARA', 33, 21, 'AHMEDABAD,GUJRAT', 'DGM', '253120372153', 1, 'O', '', 80, NULL, NULL, '', 'A', '2024-08-07 11:28:54', 1, '0000-00-00 00:00:00', 0),
(440, 4, '2024-04-03', '10', 'SONALI CHAUDHARY', 33, 21, 'AHMEDABAD,GUJRAT', '1KG', '253120372152', 1, 'O', '', 80, NULL, NULL, '', 'A', '2024-08-07 11:32:18', 1, '0000-00-00 00:00:00', 0),
(441, 1, '0001-08-04', '10', 'JANAM JAIN', 3, 19, 'MUMBAI', 'A/C', '253120372149', 1, 'O', '', 10, NULL, NULL, '', 'A', '2024-08-07 11:36:06', 1, '0000-00-00 00:00:00', 0),
(442, 1, '2024-04-04', '10', 'YOGESH KULKARNI', 3, 19, 'PUNE', 'A/C', '253120372150', 1, 'O', '', 10, NULL, NULL, '', 'I', '2024-08-07 11:37:36', 1, '0000-00-00 00:00:00', 0),
(443, 1, '2024-04-04', '10', 'JANAM JAIN', 3, 19, 'MUMBAI', 'A/C', '253120372149', 1, 'O', '', 10, NULL, NULL, '', 'A', '2024-08-07 11:40:18', 1, '0000-00-00 00:00:00', 0),
(444, 2, '2024-04-04', '10', 'YOGESH KULKARNI', 3, 19, 'PUNE', 'A/C', '253120372150', 1, 'O', '', 10, NULL, NULL, '', 'A', '2024-08-07 11:41:10', 1, '0000-00-00 00:00:00', 0),
(445, 3, '2024-04-04', '10', 'SHIKSHAN PRASARAK MANDAL', 3, 4, 'RAJASTHAN', 'AMIT JADHAV', '253120372151', 1, 'O', '', 20, NULL, NULL, '', 'A', '2024-08-07 11:43:00', 1, '0000-00-00 00:00:00', 0),
(446, 4, '2024-04-04', '10', 'ASIAN MARKETS SEC', 3, 19, 'MUMBAI', 'BAPTE,700GM', '253120372148', 1, 'O', '', 40, NULL, NULL, '', 'A', '2024-08-07 11:44:40', 1, '0000-00-00 00:00:00', 0),
(447, 1, '2024-04-05', '10', 'DHANANJAY CHAVAN', 3, 22, 'NASHIK', 'A/C,URGENT', '253120372145', 1, 'O', '', 175, NULL, NULL, '', 'A', '2024-08-07 11:46:22', 1, '0000-00-00 00:00:00', 0),
(448, 2, '2024-04-05', '10', 'AYUSH', 33, 21, 'MUMBAI', '2KG', '253120372147', 1, 'O', '', 80, NULL, NULL, '', 'A', '2024-08-07 11:47:34', 1, '0000-00-00 00:00:00', 0),
(449, 3, '2024-04-05', '10', 'ARIHANT IND CORPORATION LTD', 3, 19, 'THANE', '5 KG,DANDANE', '253120372146', 1, 'O', '', 200, NULL, NULL, '', 'A', '2024-08-07 11:49:20', 1, '0000-00-00 00:00:00', 0),
(450, 4, '2024-04-05', '10', 'R K DEWAN & CO', 22, 19, 'MUMBAI', 'PK,URGENT', '253120372143', 1, 'O', '', 175, NULL, NULL, '', 'A', '2024-08-07 11:51:17', 1, '0000-00-00 00:00:00', 0),
(451, 5, '2024-04-05', '10', 'AMOD ATHAWALE', 3, 19, 'PUNE', 'A/C,300GM', '253120372142', 1, 'O', '', 25, NULL, NULL, '', 'A', '2024-08-07 11:52:38', 1, '0000-00-00 00:00:00', 0),
(452, 6, '2024-04-05', '10', 'MADHUKAR DIGHE', 30, 19, 'BELGAUM', 'SALES,200GM', '253120372144', 1, 'O', '', 40, NULL, NULL, '', 'A', '2024-08-07 11:53:51', 1, '0000-00-00 00:00:00', 0),
(453, 1, '2024-04-06', '10', 'PAVAN-BOB', 32, 19, 'NASHIK', 'HASE SIR', '253120372141', 1, 'O', '', 10, NULL, NULL, '', 'A', '2024-08-07 11:55:30', 1, '0000-00-00 00:00:00', 0),
(454, 12, '2024-04-01', '10', 'ARVIND SIR', 3, 19, 'MUMBAI', '300GM', '253120372156', 1, 'O', '', 25, NULL, NULL, '', 'A', '2024-08-07 11:58:41', 1, '0000-00-00 00:00:00', 0),
(455, 13, '2024-04-01', '10', 'PRITI MADAM', 3, 19, 'PUNE', 'A/C', '253120372159', 1, 'O', '', 10, NULL, NULL, '', 'A', '2024-08-07 11:59:57', 1, '0000-00-00 00:00:00', 0),
(456, 14, '2024-04-01', '10', 'IMAGICA WORLD ENT', 3, 25, 'KHOPOLI', 'A/C', '253120372160', 1, 'O', '', 10, NULL, NULL, '', 'A', '2024-08-07 12:01:25', 1, '0000-00-00 00:00:00', 0),
(457, 15, '2024-04-01', '10', 'APARNA MADAM', 21, 19, 'PUNE', 'HR', '253120372157', 1, 'O', '', 10, NULL, NULL, '', 'A', '2024-08-07 12:03:01', 1, '0000-00-00 00:00:00', 0),
(458, 16, '2024-04-01', '10', 'KAILAS SOMANI', 30, 19, 'SOLAPUR', 'SALES', '253120372158', 1, 'O', '', 10, NULL, NULL, '', 'A', '2024-08-07 12:04:30', 1, '0000-00-00 00:00:00', 0),
(459, 11, '2024-04-02', '10', 'DHRUV GLOBAL SCHOOL', 3, 31, 'PUNE', 'AMIT JADHAV', '253120372163', 1, 'O', '', 10, NULL, NULL, '', 'A', '2024-08-07 12:06:19', 1, '0000-00-00 00:00:00', 0),
(460, 12, '2024-04-02', '10', 'SHWETA MADAM', 32, 19, 'PUNE', 'DAGA', '253120372164', 1, 'O', '', 10, NULL, NULL, '', 'A', '2024-08-07 12:08:07', 1, '0000-00-00 00:00:00', 0),
(461, 13, '2024-04-02', '10', 'MAHESH P SONI', 3, 19, 'PUNE', '500GM', '253120372162', 1, 'O', '', 25, NULL, NULL, '', 'A', '2024-08-07 12:09:19', 1, '0000-00-00 00:00:00', 0),
(462, 14, '2024-04-02', '10', 'ANKUSH BAHUGUNA', 33, 21, 'MUMBAI', '4KG', '253120372161', 1, 'O', '', 160, NULL, NULL, '', 'A', '2024-08-07 12:10:38', 1, '0000-00-00 00:00:00', 0),
(463, 15, '2024-04-02', '10', 'MR DEENDAYAL', 29, 4, 'JODHPUR,RJ', 'SOM,300GM', '253120372167', 1, 'O', '', 25, NULL, NULL, '', 'A', '2024-08-07 12:12:49', 1, '0000-00-00 00:00:00', 0),
(464, 16, '2024-04-02', '10', 'SANKOSH KUMAR GUPTA', 29, 4, 'JAIPUR,RJ', 'SOM,300GM', '253120372168', 1, 'O', '', 45, NULL, NULL, '', 'A', '2024-08-07 12:14:11', 1, '0000-00-00 00:00:00', 0),
(465, 17, '2024-04-02', '10', 'APARNA MADAM', 3, 19, 'PUNE', 'A/C', '253120372166', 1, 'O', '', 10, NULL, NULL, '', 'A', '2024-08-07 12:15:21', 1, '0000-00-00 00:00:00', 0),
(466, 18, '2024-04-02', '10', 'RADHAKISHAN DAMANI', 29, 4, 'MUMBAI', 'SOM', '253120372165', 1, 'O', '', 10, NULL, NULL, '', 'A', '2024-08-07 12:16:54', 1, '0000-00-00 00:00:00', 0),
(467, 6, '2024-08-07', '9', 'AMAZON', 33, 21, 'BHIWANDI', 'KOTKAR,DGM', '1211176202014', 1, 'I', '', 0, NULL, NULL, '', 'A', '2024-08-07 12:18:21', 1, '0000-00-00 00:00:00', 0),
(468, 7, '2024-08-07', '9', 'KUSHAL ENTERPRISES', 8, 35, 'MUMBAI', 'A ROAD', '24080663572', 1, 'I', '', 0, NULL, NULL, '', 'A', '2024-08-07 12:19:37', 1, '0000-00-00 00:00:00', 0),
(469, 8, '2024-08-07', '9', 'VIJAYA TEA TRADING ', 8, 35, 'MUMBAI', 'A ROAD', '24080658829', 1, 'I', '', 0, NULL, NULL, '', 'A', '2024-08-07 12:20:37', 1, '0000-00-00 00:00:00', 0),
(470, 9, '2024-08-07', '9', 'S B ALLOYS', 8, 35, 'PUNE', 'A ROAD', '230220184998', 1, 'I', '', 0, NULL, NULL, '', 'A', '2024-08-07 12:22:03', 1, '0000-00-00 00:00:00', 0),
(471, 10, '2024-08-07', '9', 'AMAZON', 48, 26, 'SURAT,GJ', 'HRM', '343184464511', 1, 'I', '', 0, NULL, NULL, '', 'A', '2024-08-07 12:23:19', 1, '0000-00-00 00:00:00', 0),
(472, 11, '2024-08-07', '9', 'AMAZON', 48, 26, 'MUMBAI', 'HRM', '313196467135', 1, 'I', '', 0, NULL, NULL, '', 'A', '2024-08-07 12:24:39', 1, '0000-00-00 00:00:00', 0),
(473, 12, '2024-08-07', '9', 'S B ALLOYS', 8, 35, 'PUNE', 'A ROAD', '230220184997', 1, 'I', '', 0, NULL, NULL, '', 'A', '2024-08-07 12:26:11', 1, '0000-00-00 00:00:00', 0),
(474, 13, '2024-08-07', '9', 'DILIP J SHINDE', 31, 19, 'MEHBUBNAGAR', 'GHODEKAR', 'H48644928', 1, 'I', '', 0, NULL, NULL, '', 'A', '2024-08-07 12:27:24', 1, '0000-00-00 00:00:00', 0),
(475, 14, '2024-08-07', '9', 'R B DESAI & CO', 23, 35, 'KALUPUR,AHMEDABAD', 'DANDANE', '103221436215', 1, 'I', '', 0, NULL, NULL, '', 'A', '2024-08-07 12:28:33', 1, '0000-00-00 00:00:00', 0),
(476, 15, '2024-08-07', '9', 'MALPANI ESTATES', 21, 19, 'PUNE', 'KANAWADE VIJAY', '230820084740', 1, 'I', '', 0, NULL, NULL, '', 'A', '2024-08-07 12:29:47', 1, '0000-00-00 00:00:00', 0),
(477, 19, '2024-04-02', '10', 'MR KAILASH', 29, 4, 'KOTA', '300GM', '253120372169', 1, 'O', '', 45, NULL, NULL, '', 'A', '2024-08-07 17:17:12', 1, '0000-00-00 00:00:00', 0),
(478, 1, '2024-08-08', '19', 'DEPUTY REGIONAL TRANSPORT OFFICE ', 29, 26, 'SHRIRAMPUR', 'SANJAY VARPE', 'TA339780084IN', 1, 'I', '', 0, NULL, NULL, '', 'A', '2024-08-08 12:27:11', 1, '0000-00-00 00:00:00', 0),
(479, 2, '2024-08-08', '9', 'VIJAYA TEA TRADING ', 8, 35, 'MUMBAI', 'A ROAD', '24080724679', 1, 'I', '', 0, NULL, NULL, '', 'A', '2024-08-08 12:28:04', 1, '0000-00-00 00:00:00', 0),
(480, 3, '2024-08-08', '19', 'SURESH JAISWAL', 31, 19, 'INDORE', 'GHODEKAR', 'EI478069863IN', 1, 'I', '', 0, NULL, NULL, '', 'A', '2024-08-08 12:29:27', 1, '0000-00-00 00:00:00', 0),
(481, 4, '2024-08-08', '19', 'VIKRAM BHASKAR SABALE', 31, 19, 'RAICHUR', 'GHODEKAR', 'EK500801570IN', 1, 'I', '', 0, NULL, NULL, '', 'A', '2024-08-08 12:30:37', 1, '0000-00-00 00:00:00', 0),
(482, 5, '2024-08-08', '9', 'MSP CORPORATION', 8, 35, 'KOLKATA', 'A ROAD', '24021200058753', 1, 'I', '', 0, NULL, NULL, '', 'A', '2024-08-08 12:31:46', 1, '0000-00-00 00:00:00', 0),
(483, 6, '2024-08-08', '9', 'S B ALLOYS', 8, 35, 'PUNE', 'A ROAD', '230220186176', 1, 'I', '', 0, NULL, NULL, '', 'A', '2024-08-08 12:32:45', 1, '0000-00-00 00:00:00', 0),
(484, 7, '2024-08-08', '9', 'MEERAS CREATION', 29, 2, 'NASHIK', 'GHORPADE MADAM,BHANDURGE', '288120077999', 1, 'I', '', 0, NULL, NULL, '', 'A', '2024-08-08 12:34:06', 1, '0000-00-00 00:00:00', 0),
(485, 8, '2024-08-08', '9', 'S B ALLOYS', 8, 35, 'PUNE', 'A ROAD', '230220186178', 1, 'I', '', 0, NULL, NULL, '', 'A', '2024-08-08 12:35:30', 1, '0000-00-00 00:00:00', 0),
(486, 9, '2024-08-08', '9', 'P S SULTANE', 3, 19, 'KOLHAPUR', 'SAMIR SULTANE', '258110043630', 1, 'I', '', 0, NULL, NULL, '', 'A', '2024-08-08 12:37:52', 1, '0000-00-00 00:00:00', 0),
(487, 10, '2024-08-08', '9', 'BEARCARE.IN', 48, 26, 'BANGALORE', 'HRM', '24095200166390', 1, 'I', '', 0, NULL, NULL, '', 'A', '2024-08-08 12:39:53', 1, '0000-00-00 00:00:00', 0),
(488, 11, '2024-08-08', '9', 'SINIA GULRAJANI', 49, 26, 'MUMBAI', 'JMM', '165200668863', 1, 'I', '', 0, NULL, NULL, '', 'A', '2024-08-08 12:41:17', 1, '0000-00-00 00:00:00', 0),
(489, 12, '2024-08-08', '19', 'VIJAY KUMAR MITTAL,BALAJI UDYOG', 3, 4, 'KOTA ', 'AMIT JADHAV/BHANDURGE', 'ER170507070IN', 1, 'I', '', 0, NULL, NULL, '', 'A', '2024-08-08 12:44:48', 1, '0000-00-00 00:00:00', 0),
(490, 1, '2024-08-08', '19', 'DISHA MAKWANA,ALPHA ALTERNATIVES', 3, 20, 'DADAR W,MUMBAI', 'BAPTE,URGENT', 'EM348155614IN', 1, 'O', '', 0, NULL, NULL, '', 'I', '2024-08-08 15:42:25', 1, '0000-00-00 00:00:00', 0),
(491, 13, '2024-08-08', '19', 'ARIHANT EDUCATION FOUNDATION', 3, 20, 'PUNE,CAMP', 'AMIT JADHAV', 'EM348155614IN', 1, 'I', '', 0, NULL, NULL, '', 'A', '2024-08-08 15:44:20', 1, '0000-00-00 00:00:00', 0),
(492, 14, '2024-08-08', '1', 'NO NAME', 48, 26, 'NA', 'HRM', 'NA', 1, 'I', '', 0, NULL, NULL, '', 'A', '2024-08-08 15:45:09', 1, '0000-00-00 00:00:00', 0),
(493, 1, '2024-08-08', '10', 'DISHA MAKWANA,ALPHA ALTERNATIVES', 3, 19, 'DADAR W,MUMBAI', 'BAPTE,URGENT', '', 1, 'O', '', 0, NULL, NULL, '', 'A', '2024-08-08 18:27:57', 1, '0000-00-00 00:00:00', 0),
(494, 2, '2024-08-08', '10', 'SOMNATH JORVEKAR/LALIT DHUMAL', 6, 19, 'PUNE', 'BACHHAV SIR', '', 1, 'O', '', 0, NULL, NULL, '', 'A', '2024-08-08 18:30:40', 1, '0000-00-00 00:00:00', 0),
(495, 3, '2024-08-08', '10', 'PRITI MADAM', 21, 19, 'PUNE', 'SHUKLA MADAM/KANAWADE VIJAY', '', 1, 'O', '', 0, NULL, NULL, '', 'A', '2024-08-08 18:31:38', 1, '0000-00-00 00:00:00', 0),
(496, 4, '2024-08-08', '10', 'AMIT METALS PVT LTD', 23, 19, 'MUMBAI,NARIMAN POINT', 'DANDANE', '', 1, 'O', '', 0, NULL, NULL, '', 'A', '2024-08-08 18:32:55', 1, '0000-00-00 00:00:00', 0),
(497, 5, '2024-08-08', '10', 'BADRI HIRVE,SUZLON GLOBAL SERVICES LTD', 34, 23, 'INDORE', 'URGENT,AMOL SIR', '', 1, 'O', '', 0, NULL, NULL, '', 'A', '2024-08-08 18:34:37', 1, '0000-00-00 00:00:00', 0),
(498, 1, '2024-08-09', '9', 'HDFC BANK ,RETURN CHEQUE', 29, 2, 'SANGAMNER', 'BHANDURGE', '24208200027658', 1, 'I', '', 0, NULL, NULL, '', 'A', '2024-08-09 10:14:52', 1, '0000-00-00 00:00:00', 0),
(499, 2, '2024-08-09', '9', 'AJEET JAIN', 23, 19, 'INDORE', 'DANDANE', '24047100011673', 1, 'I', '', 0, NULL, NULL, '', 'A', '2024-08-09 10:15:54', 1, '0000-00-00 00:00:00', 0),
(500, 20, '2024-04-02', '10', 'KAMDHENU TRADING', 30, 19, 'AURANGABAD', 'SALES', '253120372170', 1, 'O', '', 40, NULL, NULL, '', 'A', '2024-08-09 10:19:30', 1, '0000-00-00 00:00:00', 0),
(501, 5, '2024-04-03', '10', 'ARIHANT COLLEGE OF EDUCATION', 3, 20, 'PUNE', 'AMIT JADHAV', '253120372171', 1, 'O', '', 10, NULL, NULL, '', 'A', '2024-08-09 10:21:26', 1, '0000-00-00 00:00:00', 0),
(502, 6, '2024-04-03', '10', 'J K N ENTERPISES', 23, 19, 'MUMBAI', 'DANDANE', '253120372172', 1, 'O', '', 10, NULL, NULL, '', 'A', '2024-08-09 10:30:02', 1, '0000-00-00 00:00:00', 0),
(503, 7, '2024-04-03', '10', 'PARAG DATE', 3, 19, 'PUNE', 'A/C', '253120372173', 1, 'O', '', 10, NULL, NULL, '', 'A', '2024-08-09 10:31:14', 1, '0000-00-00 00:00:00', 0),
(504, 8, '2024-04-03', '10', 'LALIT P BOOB', 3, 19, 'NASHIK', 'A/C', '253120372174', 1, 'O', '', 10, NULL, NULL, '', 'A', '2024-08-09 11:07:35', 1, '0000-00-00 00:00:00', 0),
(505, 9, '2024-04-03', '10', 'WYSETEK SYSTEM TECHNO', 23, 19, 'PUNE', 'PURCHASE,1.5 KG', '253120372175', 1, 'O', '', 80, NULL, NULL, '', 'A', '2024-08-09 11:14:12', 1, '0000-00-00 00:00:00', 0),
(506, 10, '2024-04-03', '10', 'NAUHEED CYRUSI', 33, 21, 'MUMBAI', '1KG', '253120372176', 1, 'O', '', 40, NULL, NULL, '', 'A', '2024-08-09 11:16:23', 1, '0000-00-00 00:00:00', 0),
(507, 11, '2024-04-03', '10', 'HEMANT BHANGALE', 30, 19, 'AKOLA', 'S A/C', '253120372180', 1, 'O', '', 10, NULL, NULL, '', 'A', '2024-08-09 11:35:51', 1, '0000-00-00 00:00:00', 0),
(508, 12, '2024-04-03', '10', 'NANDKISHOR B SHARMA', 30, 19, 'AKOLA', 'SALES', '253120372179', 1, 'O', '', 10, NULL, NULL, '', 'A', '2024-08-09 11:37:22', 1, '0000-00-00 00:00:00', 0),
(509, 13, '2024-04-03', '10', 'PRITI MADAM', 21, 19, 'PUNE', 'SHUKLA MADAM/KANAWADE VIJAY,1 KG', '253120372177', 1, 'O', '', 40, NULL, NULL, '', 'A', '2024-08-09 11:38:45', 1, '0000-00-00 00:00:00', 0),
(510, 14, '2024-04-03', '10', 'NITESH SHARMA', 29, 4, 'KOTA', 'SOM', '253120372178', 1, 'O', '', 20, NULL, NULL, '', 'A', '2024-08-09 11:39:56', 1, '0000-00-00 00:00:00', 0),
(511, 15, '2024-04-03', '10', 'R R INGALE & CO', 3, 10, 'JAYSINGPUR', 'VISPUTE', '253120372184', 1, 'O', '', 10, NULL, NULL, '', 'A', '2024-08-09 11:43:29', 1, '0000-00-00 00:00:00', 0),
(512, 16, '2024-04-03', '10', 'GUNAJI THAOKAR & CO', 3, 10, 'NAGPUR', 'VISPUTE SIR', '253120372181', 1, 'O', '', 10, NULL, NULL, '', 'A', '2024-08-09 11:44:46', 1, '0000-00-00 00:00:00', 0),
(513, 3, '2024-08-09', '19', 'URVASHI DARYANI', 3, 19, 'AGRA', 'RAJU WALE', 'EU361903974IN', 1, 'I', '', 0, NULL, NULL, '', 'A', '2024-08-09 12:50:19', 1, '0000-00-00 00:00:00', 0),
(514, 4, '2024-08-09', '9', 'MRPL', 31, 19, 'NIPANI', 'GHODEKAR', '392500025989', 1, 'I', '', 0, NULL, NULL, '', 'A', '2024-08-09 12:51:18', 1, '0000-00-00 00:00:00', 0),
(515, 5, '2024-08-09', '9', 'KUSHAL ENTERPRISES', 8, 35, 'MUMBAI', 'A ROAD', '24080882089', 1, 'I', '', 0, NULL, NULL, '', 'A', '2024-08-09 12:52:06', 1, '0000-00-00 00:00:00', 0),
(516, 6, '2024-08-09', '19', 'HDFC  BANK ,CARD', 29, 2, 'CHENNAI', 'GIRISH DAGA,BHANDURGE', 'HC026780887IN', 1, 'I', '', 0, NULL, NULL, '', 'A', '2024-08-09 12:53:56', 1, '0000-00-00 00:00:00', 0),
(517, 7, '2024-08-09', '19', 'HDFC BANK,CARD', 4, 37, 'CHENNAI', 'GHODKE SANTOSH JALINDAR(JALINDAR GHODKE)', 'HD044616670IN', 1, 'I', '', 0, NULL, NULL, '', 'A', '2024-08-09 12:57:27', 1, '0000-00-00 00:00:00', 0),
(518, 8, '2024-08-09', '9', 'HDFC BANK ,RETURN CHEQUE', 29, 2, 'SANGAMNER', 'BHANDURGE ', '24208200027658', 1, 'I', '', 0, NULL, NULL, '', 'A', '2024-08-09 12:59:00', 1, '0000-00-00 00:00:00', 0),
(519, 9, '2024-08-09', '9', 'MUNDHRA TEA COMPANY', 8, 35, 'GUWAHATI', 'A ROAD', '17483232955', 1, 'I', '', 0, NULL, NULL, '', 'A', '2024-08-09 15:11:55', 1, '0000-00-00 00:00:00', 0),
(520, 10, '2024-08-09', '9', 'MUNDHRA TEA COMPANY', 8, 35, 'GUWAHATI', 'A ROAD', '17483232911', 1, 'I', '', 0, NULL, NULL, '', 'A', '2024-08-09 15:13:21', 1, '0000-00-00 00:00:00', 0),
(521, 11, '2024-08-09', '9', 'S B ALLOYS', 8, 35, 'PUNE', 'A ROAD', '230220186267', 1, 'I', '', 0, NULL, NULL, '', 'A', '2024-08-09 16:14:25', 1, '0000-00-00 00:00:00', 0),
(522, 12, '2024-08-09', '9', 'APOORVA MADAM', 3, 19, 'PUNE', 'BAPTE', '230820080535', 1, 'I', '', 0, NULL, NULL, '', 'A', '2024-08-09 16:54:55', 1, '0000-00-00 00:00:00', 0),
(523, 13, '2024-08-09', '9', 'A S KANNAN', 31, 19, 'KOLATHUR,CHENNAI', 'GHODEKAR', 'MAA575525329', 1, 'I', '', 0, NULL, NULL, '', 'A', '2024-08-09 16:56:43', 1, '0000-00-00 00:00:00', 0),
(524, 14, '2024-08-09', '9', 'JEWEL PAPERS P LTD', 23, 35, 'SURENDRANAGAR,GJ', 'KISHOR', '385267', 1, 'I', '', 0, NULL, NULL, '', 'A', '2024-08-09 16:58:46', 1, '0000-00-00 00:00:00', 0),
(525, 15, '2024-08-09', '9', 'PRASAD ENT', 4, 19, 'BELGAUM', 'NITIN HASE', 'BGM600053143', 1, 'I', '', 0, NULL, NULL, '', 'A', '2024-08-09 16:59:46', 1, '0000-00-00 00:00:00', 0),
(526, 16, '2024-08-09', '9', 'AMAY SIR,ADITYA BIRLA CAPITAL MUTUAL FUND', 8, 35, 'AHMEDNAGAR', 'DSM,ADITYA MALPANI', '241054562', 1, 'I', '', 0, NULL, NULL, '', 'A', '2024-08-09 17:05:42', 1, '0000-00-00 00:00:00', 0),
(527, 1, '2024-08-09', '10', 'MANTHAN', 33, 21, 'MUMBAI', 'DGM', '', 1, 'O', '', 0, NULL, NULL, '', 'A', '2024-08-09 18:35:04', 1, '0000-00-00 00:00:00', 0),
(528, 2, '2024-08-09', '10', 'MR RATNAKAR ,ATIM METALS PRIVATE LTD', 3, 19, 'MUMBAI', 'BAPTE', '', 1, 'O', '', 0, NULL, NULL, '', 'A', '2024-08-09 18:38:27', 1, '0000-00-00 00:00:00', 0),
(529, 3, '2024-08-09', '10', 'SAITIRTH THEME PARK ', 23, 22, 'SHIRDI', 'DANADNE', '', 1, 'O', '', 0, NULL, NULL, '', 'A', '2024-08-09 18:39:59', 1, '0000-00-00 00:00:00', 0),
(530, 4, '2024-08-09', '10', 'LALIT KUMAR /MR SAGAR RANE', 34, 23, 'BAGEWADI,VIJAYAPURA,KARNATAKA', 'URGENT,AMOL SIR', '', 1, 'O', '', 0, NULL, NULL, '', 'A', '2024-08-09 18:42:13', 1, '0000-00-00 00:00:00', 0),
(531, 5, '2024-08-09', '10', 'DHARMESH DAVDA', 34, 23, 'RATLAM,MP', 'URGENT,AMOL SIR', '', 1, 'O', '', 0, NULL, NULL, '', 'A', '2024-08-09 18:43:11', 1, '0000-00-00 00:00:00', 0),
(532, 1, '2024-08-12', '9', 'AMAZON', 33, 21, 'BANGALORE', 'DGM,KOTKAR', '1211176244132', 1, 'I', '', 0, NULL, NULL, '', 'A', '2024-08-12 11:06:56', 1, '0000-00-00 00:00:00', 0),
(533, 2, '2024-08-12', '9', 'AMAZON', 33, 21, 'BANGALORE', 'DGM,KOTKAR', '1211176228032', 1, 'I', '', 0, NULL, NULL, '', 'A', '2024-08-12 11:08:11', 1, '0000-00-00 00:00:00', 0),
(534, 3, '2024-08-12', '9', 'AMAZON', 33, 21, 'BHIWANDI', 'DGM,KOTKAR', '1211176202014', 1, 'I', '', 0, NULL, NULL, '', 'A', '2024-08-12 11:09:36', 1, '0000-00-00 00:00:00', 0),
(535, 4, '2024-08-12', '19', 'VIDYUT APEAL ADHIKARAN', 34, 23, 'NEW DELHI', 'SAGAR SIR', 'ED559106800IN', 1, 'I', '', 0, NULL, NULL, '', 'A', '2024-08-12 11:12:41', 1, '0000-00-00 00:00:00', 0),
(536, 5, '2024-08-12', '19', 'SANSKRUTI MANTRALAY,BHARAT SARKAR', 29, 26, 'NEW DELHI', 'SOM,C/O BHANDURGE', 'ED530373755IN', 1, 'I', '', 0, NULL, NULL, '', 'A', '2024-08-12 11:14:04', 1, '0000-00-00 00:00:00', 0),
(537, 6, '2024-08-12', '9', 'SATISH CHOWKEKAR', 3, 19, 'PAREL,MUMBAI', 'SURYAVANSHI VINOD', '164800530212', 1, 'I', '', 0, NULL, NULL, '', 'A', '2024-08-12 11:15:14', 1, '0000-00-00 00:00:00', 0),
(538, 7, '2024-08-12', '9', 'GORAKSHANATH UGALE', 31, 19, 'MYSORE', 'GAURAV SIR', 'B27150576', 1, 'I', '', 0, NULL, NULL, '', 'A', '2024-08-12 11:26:11', 1, '0000-00-00 00:00:00', 0),
(539, 8, '2024-08-12', '9', 'MODHAVAE SIR', 31, 19, 'PAREL,MUMBAI', 'GAURAV SIR', '164800530215', 1, 'I', '', 0, NULL, NULL, '', 'A', '2024-08-12 11:27:06', 1, '0000-00-00 00:00:00', 0),
(540, 9, '2024-08-12', '9', 'SANDIP KSHIRSAGAR', 31, 19, 'HYDERABAD', 'GHODEKAR', 'H48437166', 1, 'I', '', 0, NULL, NULL, '', 'A', '2024-08-12 11:29:20', 1, '0000-00-00 00:00:00', 0),
(541, 10, '2024-08-12', '19', 'SHANKAR KORADKAR', 31, 19, 'ANANTHAPUR', 'GHODEKAR', 'EN782044150IN', 1, 'I', '', 0, NULL, NULL, '', 'A', '2024-08-12 11:30:55', 1, '0000-00-00 00:00:00', 0),
(542, 11, '2024-08-12', '9', 'SAJ WATER & SOLAR APPLIANCES', 23, 19, 'AHMEDNAGAR', 'DANDANE', '1725352796', 1, 'I', '', 0, NULL, NULL, '', 'A', '2024-08-12 11:32:50', 1, '0000-00-00 00:00:00', 0),
(543, 12, '2024-08-12', '9', 'WIN TRADE CERAMICS', 23, 19, 'NASHIK', 'DANDANE', '189500175686', 1, 'I', '', 0, NULL, NULL, '', 'A', '2024-08-12 11:34:10', 1, '0000-00-00 00:00:00', 0),
(544, 13, '2024-08-12', '9', 'SIDDHI GANESH OFFSET PRINTERS', 23, 19, 'AHMEDNAGAR', 'DANDANE', '7053639', 1, 'I', '', 0, NULL, NULL, '', 'A', '2024-08-12 11:35:34', 1, '0000-00-00 00:00:00', 0),
(545, 14, '2024-08-12', '9', 'NEMINATH INT', 23, 19, 'MUMBAI', 'DANDANE', '5744242001879', 1, 'I', '', 0, NULL, NULL, '', 'A', '2024-08-12 11:54:44', 1, '0000-00-00 00:00:00', 0),
(546, 15, '2024-08-12', '9', 'ALPA VYAS,RISHABH PLAST INDIA PVT LTD', 23, 19, 'DAMAN,GUJRAT', 'DANDANE', '500429120534', 1, 'I', '', 0, NULL, NULL, '', 'A', '2024-08-12 11:57:48', 1, '0000-00-00 00:00:00', 0),
(547, 16, '2024-08-12', '9', 'PROFESSIONAL BOOK PUBLISHERS', 3, 19, 'DELHI', 'VISPUTE SIR', '100147409045', 1, 'I', '', 0, NULL, NULL, '', 'A', '2024-08-12 11:58:59', 1, '0000-00-00 00:00:00', 0),
(548, 17, '2024-08-12', '9', 'MUNDHRA TEA COMPANY', 8, 35, 'GUWAHATI', 'A ROAD', '17479631901', 1, 'I', '', 0, NULL, NULL, '', 'A', '2024-08-12 12:30:31', 1, '0000-00-00 00:00:00', 0),
(549, 18, '2024-08-12', '9', 'S B ALLOYS', 8, 35, 'PUNE', 'A ROAD', '230220186437', 1, 'I', '', 0, NULL, NULL, '', 'A', '2024-08-12 12:31:21', 1, '0000-00-00 00:00:00', 0),
(550, 19, '2024-08-12', '9', 'KOTADIYA HARDIK', 34, 23, 'SAVARKUNDLA,GUJRAT', 'AMOL SONAWANE', '149410042860', 1, 'I', '', 0, NULL, NULL, '', 'A', '2024-08-12 12:32:57', 1, '0000-00-00 00:00:00', 0),
(551, 20, '2024-08-12', '9', 'H SHARMA', 31, 19, 'SHIVMOGGA', 'GHODEKAR', 'B26482393', 1, 'I', '', 0, NULL, NULL, '', 'A', '2024-08-12 12:34:10', 1, '0000-00-00 00:00:00', 0),
(552, 21, '2024-08-12', '9', 'MAHESH ARUN KADANE', 34, 23, 'KARAD', 'AMOL SONAWANE', '251510086283', 1, 'I', '', 0, NULL, NULL, '', 'A', '2024-08-12 12:36:23', 1, '0000-00-00 00:00:00', 0);
INSERT INTO `post_entry` (`sr_no`, `entry_id`, `entry_date`, `post_type`, `party_name`, `dept_id`, `firm_id`, `city_name`, `remark`, `receipt_no`, `qty`, `flag`, `fr_machine`, `charges`, `rec_no`, `rec_date`, `ret`, `status`, `c_at`, `c_by`, `u_at`, `u_by`) VALUES
(553, 22, '2024-08-12', '9', 'ANITH APALIGA,REL POWER TRADING LLP', 34, 23, 'DADAR W,MUMBAI', 'SAGAR SIR', 'M38919237', 1, 'I', '', 0, NULL, NULL, '', 'A', '2024-08-12 12:38:02', 1, '0000-00-00 00:00:00', 0),
(554, 23, '2024-08-12', '9', 'EQUITREE CAPITAL ADVISORS PVT LTD', 3, 19, 'LOWER PAREL,MUMBAI', 'BAPTE', 'V85485969', 1, 'I', '', 0, NULL, NULL, '', 'A', '2024-08-12 12:39:30', 1, '0000-00-00 00:00:00', 0),
(555, 24, '2024-08-12', '19', 'LN VIVEK CHIB', 12, 26, 'NAGPUR', 'GMM', 'EM273926263IN', 1, 'I', '', 0, NULL, NULL, '', 'A', '2024-08-12 12:40:33', 1, '0000-00-00 00:00:00', 0),
(556, 1, '2024-08-12', '10', 'RAJENDRA SHYAMLALJI RATHI', 45, 38, 'KOPARGAON', 'RATHI RADHESHYAM', '', 1, 'O', '', 0, NULL, NULL, '', 'A', '2024-08-12 18:30:04', 1, '0000-00-00 00:00:00', 0),
(557, 2, '2024-08-12', '10', 'MR KAILAS R SOMANI', 15, 19, 'SOLAPUR', 'ADV PAWBAKE', '', 1, 'O', '', 0, NULL, NULL, '', 'A', '2024-08-12 18:35:21', 1, '0000-00-00 00:00:00', 0),
(558, 3, '2024-08-12', '10', 'ANITH SAPALIGA,REL POWER TRADING LLP', 34, 23, 'DADAR W,MUMBAI', 'URGENT,AMOL SIR', '', 1, 'O', '', 0, NULL, NULL, '', 'A', '2024-08-12 18:38:21', 1, '0000-00-00 00:00:00', 0),
(559, 4, '2024-08-12', '10', 'SHRI DILIPJI DIGHE SAHEB', 29, 24, 'AHMEDNAGAR,WADIA PARK', 'URGENT', '', 1, 'O', '', 0, NULL, NULL, '', 'A', '2024-08-12 18:39:44', 1, '0000-00-00 00:00:00', 0),
(560, 5, '2024-08-12', '10', 'HON SHRI NAMDEVJI SHIRGAONKAR', 29, 24, 'KURLA W,MUMBAI', 'URGETN', '', 1, 'O', '', 0, NULL, NULL, '', 'A', '2024-08-12 18:40:54', 1, '0000-00-00 00:00:00', 0),
(561, 6, '2024-08-12', '10', 'SHRI ANILKUMARJI MOTILALJI SHARMA', 30, 15, 'JALGAON', 'SHYAM TIWARI', '', 1, 'O', '', 0, NULL, NULL, '', 'A', '2024-08-12 18:42:02', 1, '0000-00-00 00:00:00', 0),
(562, 7, '2024-08-12', '10', 'WATERPARK SHIRDI', 23, 22, 'SHIRDI', 'DANDANE', '', 1, 'O', '', 0, NULL, NULL, '', 'A', '2024-08-12 18:43:14', 1, '0000-00-00 00:00:00', 0),
(563, 8, '2024-08-12', '10', 'SUNIL DIWATE', 34, 23, 'PAREL,MUMBAI', 'SAGAR SIR', '', 1, 'O', '', 0, NULL, NULL, '', 'A', '2024-08-12 18:44:37', 1, '0000-00-00 00:00:00', 0),
(564, 9, '2024-08-12', '10', 'APARNA MADAM', 3, 34, 'PUNE', 'A/C', '', 1, 'O', '', 0, NULL, NULL, '', 'A', '2024-08-12 18:45:45', 1, '0000-00-00 00:00:00', 0),
(565, 10, '2024-08-12', '10', 'RAGHAV MAHESHWARI', 33, 21, 'NAGPUR', 'DGM,KOTKAR', '', 1, 'O', '', 0, NULL, NULL, '', 'A', '2024-08-12 18:46:51', 1, '0000-00-00 00:00:00', 0),
(566, 1, '2024-08-13', '9', 'MSP CORPORATION', 8, 35, 'KOLKATA', 'A ROAD', '24021200058764', 1, 'I', '', 0, NULL, NULL, '', 'A', '2024-08-13 10:01:26', 1, '0000-00-00 00:00:00', 0),
(567, 2, '2024-08-13', '9', 'ABHINAV ENTERPRISES', 23, 3, 'DOMBIVALI E', 'RUPESH UPADHYE,A ROAD', '1695302708', 1, 'I', '', 0, NULL, NULL, '', 'A', '2024-08-13 10:03:06', 1, '0000-00-00 00:00:00', 0),
(568, 3, '2024-08-13', '9', 'FLEETX TECHNOLOGIES PVT LTD', 4, 19, 'GURUGRAM,HARYANA', 'SHIVSHAKTI,FROM OMKAR TRANSPORT', '24015200186109', 1, 'I', '', 0, NULL, NULL, '', 'A', '2024-08-13 10:06:16', 1, '0000-00-00 00:00:00', 0),
(569, 4, '2024-08-13', '9', 'GEETA PARIWAR', 29, 4, 'JAISINGHPUR,KOLHAPUR', 'SOM,BHANDURGE', '1726698592', 1, 'I', '', 0, NULL, NULL, '', 'A', '2024-08-13 10:08:12', 1, '0000-00-00 00:00:00', 0),
(570, 17, '2024-04-03', '10', 'R K PATEL & CO', 3, 10, 'AMALNER', 'VISPUTE', '253120372182', 1, 'O', '', 10, NULL, NULL, '', 'A', '2024-08-13 10:10:05', 1, '0000-00-00 00:00:00', 0),
(571, 18, '2024-04-03', '10', 'P P PATEL & CO', 3, 10, 'SOLAPUR', 'VISPUTE SIR', '253120372183', 1, 'O', '', 10, NULL, NULL, '', 'A', '2024-08-13 10:11:12', 1, '0000-00-00 00:00:00', 0),
(572, 5, '2024-04-04', '10', 'ESHA BAJAJ', 3, 19, 'MUMBA', 'BAPTE', '253120372185', 1, 'O', '', 10, NULL, NULL, '', 'A', '2024-08-13 10:14:20', 1, '0000-00-00 00:00:00', 0),
(573, 6, '2024-04-04', '10', 'GANPAT GULAVE', 30, 19, 'AURANGABAD', 'SALES', '253120372187', 1, 'O', '', 10, NULL, NULL, '', 'A', '2024-08-13 10:15:36', 1, '0000-00-00 00:00:00', 0),
(574, 7, '2024-04-04', '10', 'MANASWI WANI', 3, 19, 'KHOPOLI', 'A/C', '253120372188', 1, 'O', '', 10, NULL, NULL, '', 'A', '2024-08-13 10:16:49', 1, '0000-00-00 00:00:00', 0),
(575, 8, '2024-04-04', '10', 'ASHOK CHAVHANKE', 29, 4, 'NASHIK', 'SOM', '253120372189', 1, 'O', '', 10, NULL, NULL, '', 'A', '2024-08-13 10:18:29', 1, '0000-00-00 00:00:00', 0),
(576, 9, '2024-04-04', '10', 'SUPERCRAFT FOUNDARY', 34, 23, 'JAYSINGPUR', 'URGENT', '253120372190', 1, 'O', '', 175, NULL, NULL, '', 'A', '2024-08-13 10:20:57', 1, '0000-00-00 00:00:00', 0),
(577, 10, '2024-04-04', '10', 'SANDEEP SAMBHUSHETE', 34, 23, 'ICHALKARNAJI', 'URGENT,SAGR SIR,1 KG', '253120372192', 1, 'O', '', 275, NULL, NULL, '', 'A', '2024-08-13 10:22:28', 1, '0000-00-00 00:00:00', 0),
(578, 11, '2024-04-04', '10', 'NUVAMA GROUP', 3, 19, 'MUMBAI', 'BAPTE', '253120372192', 1, 'O', '', 10, NULL, NULL, '', 'A', '2024-08-13 10:24:22', 1, '0000-00-00 00:00:00', 0),
(579, 12, '2024-04-04', '10', 'INDIA RATINGS & RESEARCH PVT LTD', 32, 19, 'MUMBAI', 'HASE SIR', '253120372193', 1, 'O', '', 10, NULL, NULL, '', 'A', '2024-08-13 10:26:21', 1, '0000-00-00 00:00:00', 0),
(580, 13, '2024-04-04', '10', 'CRISIL RATINGS ', 32, 19, 'MUMBAI', 'HASE SIR', '253120372194', 1, 'O', '', 10, NULL, NULL, '', 'A', '2024-08-13 10:27:35', 1, '0000-00-00 00:00:00', 0),
(581, 14, '2024-04-04', '10', 'APARNA MADAM', 21, 19, 'PUNE', 'SHUKLA MADAM/KANAWADE VIJAY', '253120372196', 1, 'O', '', 10, NULL, NULL, '', 'A', '2024-08-13 10:29:01', 1, '0000-00-00 00:00:00', 0),
(582, 15, '2024-04-04', '10', 'SHWETA MADAM', 32, 19, 'PUNE', 'DAGA', '253120372195', 1, 'O', '', 10, NULL, NULL, '', 'A', '2024-08-13 10:32:29', 1, '0000-00-00 00:00:00', 0),
(583, 16, '2024-04-04', '10', 'HRISHIKESH KHOJE', 3, 20, 'PUNE', 'AMIT JADHAV', '253120372197', 1, 'O', '', 10, NULL, NULL, '', 'A', '2024-08-13 10:35:08', 1, '0000-00-00 00:00:00', 0),
(584, 17, '2024-04-04', '10', 'ORIENT PRESS LTD', 23, 19, 'SILVASSA', 'PURCHASE,500GM', '253120372198', 1, 'O', '', 45, NULL, NULL, '', 'A', '2024-08-13 10:36:59', 1, '0000-00-00 00:00:00', 0),
(585, 18, '2024-04-04', '10', 'IMAGICA WORLD ENT', 3, 19, 'KHOPOLI', 'A/C', '253120372200', 1, 'O', '', 10, NULL, NULL, '', 'A', '2024-08-13 10:38:54', 1, '0000-00-00 00:00:00', 0),
(586, 19, '2024-04-04', '10', 'ANKIT BHUTADA', 3, 19, 'PUNE', 'A/C', '253120372199', 1, 'O', '', 15, NULL, NULL, '', 'A', '2024-08-13 10:40:20', 1, '0000-00-00 00:00:00', 0),
(587, 20, '2024-04-04', '10', 'PARIKSHIT PATIL', 3, 10, 'AMALNER', 'VISPUTE SIR', '253120372201', 1, 'O', '', 10, NULL, NULL, '', 'A', '2024-08-13 10:42:17', 1, '0000-00-00 00:00:00', 0),
(588, 21, '2024-04-04', '10', 'ARJUN ABRAHAM', 33, 21, 'BANGALORE', '2KG', '253120372203', 1, 'O', '', 160, NULL, NULL, '', 'A', '2024-08-13 10:43:45', 1, '0000-00-00 00:00:00', 0),
(589, 22, '2024-04-04', '10', 'HRISHIKESH KHOJE', 3, 20, 'PUNE', 'AMIT JADHAV', '253120372202', 1, 'O', '', 10, NULL, NULL, '', 'A', '2024-08-13 10:45:04', 1, '0000-00-00 00:00:00', 0),
(590, 23, '2024-04-04', '10', 'GREEN ENERGY ,ENRICH POWER ', 34, 23, 'PUNE', 'SAGAR SIR', '253120372204', 1, 'O', '', 10, NULL, NULL, '', 'A', '2024-08-13 10:46:46', 1, '0000-00-00 00:00:00', 0),
(591, 24, '2024-04-04', '10', 'MAHALAXMI TOBACCO', 3, 10, 'ANAND,GUJRAT', 'VISPUTE SIR', '253120372206', 1, 'O', '', 10, NULL, NULL, '', 'A', '2024-08-13 10:52:07', 1, '0000-00-00 00:00:00', 0),
(592, 25, '2024-04-04', '10', 'M M PATEL TOBACCO', 3, 10, 'PUNE', 'VISPUTE SIR', '253120372205', 1, 'O', '', 10, NULL, NULL, '', 'A', '2024-08-13 10:53:22', 1, '0000-00-00 00:00:00', 0),
(593, 26, '2024-04-04', '10', 'RAHUL M PATEL', 3, 10, 'ANAND,GUJRAT', 'VISPUTE SIR', '253120372208', 1, 'O', '', 20, NULL, NULL, '', 'A', '2024-08-13 10:54:36', 1, '0000-00-00 00:00:00', 0),
(594, 27, '2024-04-04', '10', 'SURENDRA KUMAR', 3, 10, 'GONDIYA', 'VISPUTE SIR', '253120372207', 1, 'O', '', 10, NULL, NULL, '', 'A', '2024-08-13 10:55:42', 1, '0000-00-00 00:00:00', 0),
(595, 28, '2024-04-04', '10', 'BORSAD TOBACCO', 3, 10, 'BORSAD,GUJRAT', 'VISPUTE SIR', '253120372209', 1, 'O', '', 20, NULL, NULL, '', 'A', '2024-08-13 10:58:15', 1, '0000-00-00 00:00:00', 0),
(596, 7, '2024-04-05', '10', 'MAHESH AGENCY', 3, 10, 'RAHURI', 'VISPUTE SIR', '253120372209', 1, 'O', '', 10, NULL, NULL, '', 'A', '2024-08-13 11:00:08', 1, '0000-00-00 00:00:00', 0),
(597, 8, '2024-04-05', '10', 'PRITI MADAM', 3, 19, 'PUNE', 'A/C', '253120372211', 1, 'O', '', 10, NULL, NULL, '', 'A', '2024-08-13 11:01:11', 1, '0000-00-00 00:00:00', 0),
(598, 2, '2024-04-06', '10', 'PRAVIN BHAI PATEL', 3, 10, 'JALGAON', 'VISPUTE SIR', '253120372212', 1, 'O', '', 10, NULL, NULL, '', 'A', '2024-08-13 11:02:18', 1, '0000-00-00 00:00:00', 0),
(599, 1, '2024-04-08', '10', 'RAJAS LABORATORIES', 4, 35, 'AHMEDNAGAR', 'A ROAD,700GM', '253120372213', 1, 'O', '', 40, NULL, NULL, '', 'A', '2024-08-13 11:04:23', 1, '0000-00-00 00:00:00', 0),
(600, 2, '2024-04-08', '10', 'ANKIT BHUTADA', 3, 19, 'PUNE', 'A/C,500GM', '253120372214', 1, 'O', '', 25, NULL, NULL, '', 'A', '2024-08-13 11:05:28', 1, '0000-00-00 00:00:00', 0),
(601, 17, '2024-04-01', '10', 'STATE LOAD DISPATCH', 23, 19, 'CHENNAI', 'DTDC', 'P8355558', 1, 'O', '', 45, NULL, NULL, '', 'A', '2024-08-13 11:08:07', 1, '0000-00-00 00:00:00', 0),
(602, 19, '2024-04-03', '10', 'PRATHAM BENGANI', 33, 21, 'HOWRAH,WEST BENGAL', 'DGM,LAPTOP', '58808203720', 1, 'O', '', 1500, NULL, NULL, '', 'A', '2024-08-13 11:11:04', 1, '0000-00-00 00:00:00', 0),
(603, 20, '2024-04-03', '10', 'DIVYA AGRAWAL', 33, 21, 'DODAKAMMANAHALLI,KA', '500GM,DTDC', 'P83539883', 1, 'O', '', 120, NULL, NULL, '', 'A', '2024-08-13 11:15:11', 1, '0000-00-00 00:00:00', 0),
(604, 1, '2024-04-09', '10', 'PRITI MADAM', 3, 19, 'PUNE', 'A/C,500GM', '253120372219', 1, 'O', '', 25, NULL, NULL, '', 'A', '2024-08-13 11:21:22', 1, '0000-00-00 00:00:00', 0),
(605, 2, '2024-04-09', '10', 'MAHALAXMI TOBACCO', 3, 9, 'ANAND,GUJRAT', 'VISPUTE SIR', '253120372220', 1, 'O', '', 20, NULL, NULL, '', 'A', '2024-08-13 11:22:32', 1, '0000-00-00 00:00:00', 0),
(606, 3, '2024-04-09', '10', 'CHETNA JAIN', 33, 21, 'MUMBAI', '500GM', '253120372217', 1, 'O', '', 25, NULL, NULL, '', 'A', '2024-08-13 11:23:47', 1, '0000-00-00 00:00:00', 0),
(607, 4, '2024-04-09', '10', 'SARGAM SUPER MARKET PVT LTD', 3, 26, 'RAHURI', 'A/C,500GM', '253120372218', 1, 'O', '', 25, NULL, NULL, '', 'A', '2024-08-13 11:25:01', 1, '0000-00-00 00:00:00', 0),
(608, 5, '2024-04-09', '10', 'SUZLON GLOBAL', 34, 23, 'INDORE', 'URGENT,SAGR SIR', '253120372223', 1, 'O', '', 350, NULL, NULL, '', 'A', '2024-08-13 11:26:18', 1, '0000-00-00 00:00:00', 0),
(609, 6, '2024-04-09', '10', 'THOMAS COOK INDIA ', 23, 35, 'FORT,MUMBAI', 'PURCHASE', '253120372221', 1, 'O', '', 10, NULL, NULL, '', 'A', '2024-08-13 11:27:47', 1, '0000-00-00 00:00:00', 0),
(610, 7, '2024-04-09', '10', 'SUZLON ENERGY', 34, 23, 'JAIPUR,RJ', 'URGENT,AMOL SIR', '253120372222', 1, 'O', '', 350, NULL, NULL, '', 'A', '2024-08-13 11:29:02', 1, '0000-00-00 00:00:00', 0),
(611, 1, '2024-04-10', '10', 'VIHWAS NAIK', 3, 19, 'MUMBAI', 'A/C', '253120372224', 1, 'O', '', 10, NULL, NULL, '', 'A', '2024-08-13 11:30:02', 1, '0000-00-00 00:00:00', 0),
(612, 2, '2024-04-10', '10', 'PRAFULLA DHOLE', 3, 19, 'PUNE', 'URGENT', '253120372227', 1, 'O', '', 175, NULL, NULL, '', 'A', '2024-08-13 11:31:16', 1, '0000-00-00 00:00:00', 0),
(613, 3, '2024-04-10', '10', 'LEYA SARA GEORGE', 33, 21, 'BANGALORE', 'LAPTOP,DGM', '253120372228', 1, 'O', '', 1500, NULL, NULL, '', 'A', '2024-08-13 11:32:28', 1, '0000-00-00 00:00:00', 0),
(614, 4, '2024-04-10', '10', 'ASHISH-IDBI BANK', 32, 19, 'PUNE', 'HASE', '253120372225', 1, 'O', '', 10, NULL, NULL, '', 'A', '2024-08-13 11:33:24', 1, '0000-00-00 00:00:00', 0),
(615, 5, '2024-04-10', '10', 'PRITI MADAM', 21, 19, 'PUNE', 'SHUKLA MADAM', '253120372226', 1, 'O', '', 10, NULL, NULL, '', 'A', '2024-08-13 11:34:17', 1, '0000-00-00 00:00:00', 0),
(616, 6, '2024-04-10', '10', 'POOJA PRABBHAN', 33, 21, 'GURGAON', '1KG', '253120372229', 1, 'O', '', 80, NULL, NULL, '', 'A', '2024-08-13 11:35:49', 1, '0000-00-00 00:00:00', 0),
(617, 7, '2024-04-10', '10', 'ESTHETIC INSIGHTS PVT LTD', 33, 21, 'HYDERABAD', '2KG', '253120372230', 1, 'O', '', 160, NULL, NULL, '', 'A', '2024-08-13 11:37:08', 1, '0000-00-00 00:00:00', 0),
(618, 1, '2024-04-11', '10', 'ARVIND KAMALIA', 5, 19, 'MUMBAI', 'KALPESH DARAK', '253120378101', 1, 'O', '', 40, NULL, NULL, '', 'A', '2024-08-13 11:38:31', 1, '0000-00-00 00:00:00', 0),
(619, 2, '2024-04-11', '10', 'APARNA MADAM', 3, 19, 'PUNE', 'A/C', '253120372231', 1, 'O', '', 10, NULL, NULL, '', 'A', '2024-08-13 11:39:29', 1, '0000-00-00 00:00:00', 0),
(620, 3, '2024-04-11', '10', 'SANTOSH BHAGAT', 3, 19, 'PUNE', 'A/C', '253120372232', 1, 'O', '', 10, NULL, NULL, '', 'A', '2024-08-13 11:54:40', 1, '0000-00-00 00:00:00', 0),
(621, 1, '2024-04-12', '10', 'ASIAN MARKETS SEC', 3, 19, 'MUMBAI', 'BAPTE', '253120372233', 1, 'O', '', 10, NULL, NULL, '', 'A', '2024-08-13 11:55:46', 1, '0000-00-00 00:00:00', 0),
(622, 2, '2024-04-12', '10', 'ANKIT BHUTADA', 3, 19, 'PUNE', 'A/C', '253120372234', 1, 'O', '', 10, NULL, NULL, '', 'A', '2024-08-13 11:57:26', 1, '0000-00-00 00:00:00', 0),
(623, 1, '2024-04-15', '10', 'RIDDHI-ALPHA ALTERNATIVES', 3, 19, 'MUMBAI', 'BAPTE,1KG', '253120372235', 1, 'O', '', 40, NULL, NULL, '', 'A', '2024-08-13 11:58:41', 1, '0000-00-00 00:00:00', 0),
(624, 2, '2024-04-15', '10', 'ARIHANT EDUCATION FOUNDATION', 3, 20, 'PUNE', 'AMIT JADHAV,750GM', '253120372236', 1, 'O', '', 40, NULL, NULL, '', 'A', '2024-08-13 11:59:57', 1, '0000-00-00 00:00:00', 0),
(625, 3, '2024-04-15', '10', 'SHWETA MADAM', 32, 19, 'PUNE', 'DAGA,500GM', '253120372237', 1, 'O', '', 25, NULL, NULL, '', 'A', '2024-08-13 12:00:54', 1, '0000-00-00 00:00:00', 0),
(626, 4, '2024-04-15', '10', 'PRAFULLA DHOLE', 3, 19, 'PUNE', 'A/C', '253120372238', 1, 'O', '', 10, NULL, NULL, '', 'A', '2024-08-13 12:01:42', 1, '0000-00-00 00:00:00', 0),
(627, 5, '2024-04-15', '10', 'SURAJ PATIL', 3, 25, 'PUNE', 'A/C', '253120372239', 1, 'O', '', 10, NULL, NULL, '', 'A', '2024-08-13 12:03:52', 1, '0000-00-00 00:00:00', 0),
(628, 6, '2024-04-15', '10', 'KETAN CHAUGULE', 3, 19, 'PUNE', 'A/C', '253120372240', 1, 'O', '', 10, NULL, NULL, '', 'A', '2024-08-13 12:04:54', 1, '0000-00-00 00:00:00', 0),
(629, 7, '2024-04-15', '10', 'YOGESH KULKARNI', 3, 19, 'PUNE', 'A/C', '253120372241', 1, 'O', '', 10, NULL, NULL, '', 'A', '2024-08-13 12:05:56', 1, '0000-00-00 00:00:00', 0),
(630, 8, '2024-04-15', '10', 'PERNOD RICARD INDIA', 23, 19, 'GURGAON,HARYANA', 'PURCHASE', '253120372242', 1, 'O', '', 20, NULL, NULL, '', 'A', '2024-08-13 12:07:16', 1, '0000-00-00 00:00:00', 0),
(631, 9, '2024-04-15', '10', 'NAMOH HARDWAE', 23, 19, 'PUNE', 'PURCHASE-6KG', '253120372243', 1, 'O', '', 240, NULL, NULL, '', 'A', '2024-08-13 12:08:33', 1, '0000-00-00 00:00:00', 0),
(632, 1, '2024-04-17', '10', 'REGEN INFRASTRUCTURE', 34, 23, 'HALVAD', '600GM,URGENT', '253120372244', 1, 'O', '', 550, NULL, NULL, '', 'A', '2024-08-13 12:10:05', 1, '0000-00-00 00:00:00', 0),
(633, 2, '2024-04-17', '10', 'ASLAM TAMBOLI', 3, 10, 'SATARA', 'VISPUTE SIR', '253120372245', 1, 'O', '', 10, NULL, NULL, '', 'A', '2024-08-13 12:11:17', 1, '0000-00-00 00:00:00', 0),
(634, 3, '2024-04-17', '10', 'DHANANJAY CHAVAN', 3, 19, 'NASHIK', 'A/C', '253120372246', 1, 'O', '', 10, NULL, NULL, '', 'A', '2024-08-13 12:12:00', 1, '0000-00-00 00:00:00', 0),
(635, 4, '2024-04-17', '10', 'MR DHARA V ASHOK', 23, 19, 'VASAI', 'PURCHASE', '253120372248', 1, 'O', '', 10, NULL, NULL, '', 'A', '2024-08-13 12:13:21', 1, '0000-00-00 00:00:00', 0),
(636, 5, '2024-04-17', '10', 'SURAJ PATIL', 3, 25, 'PUNE', 'A/C', '253120372247', 1, 'O', '', 10, NULL, NULL, '', 'A', '2024-08-13 12:14:16', 1, '0000-00-00 00:00:00', 0),
(637, 6, '2024-04-17', '10', 'PRAFULLA DHOLE', 3, 19, 'PUNE', 'A/C', '253120372249', 1, 'O', '', 10, NULL, NULL, '', 'A', '2024-08-13 12:16:13', 1, '0000-00-00 00:00:00', 0),
(638, 7, '2024-04-17', '10', 'JAMUNA CHOWDHARY', 33, 21, 'BANGALORE', '1KG', '7D102359716', 1, 'O', '', 150, NULL, NULL, '', 'A', '2024-08-13 12:29:24', 1, '0000-00-00 00:00:00', 0),
(639, 1, '2024-04-18', '10', 'SHWETA MADAM', 32, 19, 'PUNE', 'DAGA', '253120372251', 1, 'O', '', 10, NULL, NULL, '', 'A', '2024-08-13 12:30:14', 1, '0000-00-00 00:00:00', 0),
(640, 2, '2024-04-18', '10', 'PRAFULLA DHOLE', 3, 19, 'PUNE', 'A/C', '253120372252', 1, 'O', '', 10, NULL, NULL, '', 'A', '2024-08-13 12:31:00', 1, '0000-00-00 00:00:00', 0),
(641, 3, '2024-04-18', '10', 'ROHIDAS SHINDE', 34, 23, 'KHOPOLI', 'URGENT,SAGR SIR', '253120372256', 1, 'O', '', 175, NULL, NULL, '', 'A', '2024-08-13 12:32:37', 1, '0000-00-00 00:00:00', 0),
(642, 4, '2024-04-18', '10', 'AMARJYOTI ENERGY ', 34, 23, 'BANGALORE,KANATAKA', 'URGENT', '253120372255', 1, 'O', '', 350, NULL, NULL, '', 'A', '2024-08-13 12:33:58', 1, '0000-00-00 00:00:00', 0),
(643, 5, '2024-04-18', '10', 'APARNA MADAM', 21, 19, 'PUNE', 'SHUKLA MADAM/KANAWADE VIJAY', '253120372253', 1, 'O', '', 10, NULL, NULL, '', 'A', '2024-08-13 12:35:08', 1, '0000-00-00 00:00:00', 0),
(644, 6, '2024-04-18', '10', 'NUVAMA GROUP', 3, 19, 'MUMBAI', 'BAPTE', '253120372254', 1, 'O', '', 10, NULL, NULL, '', 'A', '2024-08-13 12:36:01', 1, '0000-00-00 00:00:00', 0),
(645, 7, '2024-04-18', '10', 'ANILKUMAR BAJAJ', 23, 19, 'AURANGABAD', 'PURCHASE,150GM', '253120372257', 1, 'O', '', 15, NULL, NULL, '', 'A', '2024-08-13 12:37:27', 1, '0000-00-00 00:00:00', 0),
(646, 1, '2024-04-19', '10', 'APARNA MADAM', 21, 19, 'PUNE', 'SHUKLA MADAM/KANAWADE VIJAY,300GM', '253120372259', 1, 'O', '', 25, NULL, NULL, '', 'A', '2024-08-13 12:38:33', 1, '0000-00-00 00:00:00', 0),
(647, 2, '2024-04-19', '10', 'LAXMIKANT KARWA', 29, 4, 'LATUR', 'SOM,2KG', '253120372258', 1, 'O', '', 80, NULL, NULL, '', 'A', '2024-08-13 12:39:46', 1, '0000-00-00 00:00:00', 0),
(648, 1, '2024-04-20', '10', 'SHWETA MADAM', 32, 19, 'PUNE', 'DAGA', '253120372260', 1, 'O', '', 10, NULL, NULL, '', 'A', '2024-08-13 12:40:35', 1, '0000-00-00 00:00:00', 0),
(649, 2, '2024-04-20', '10', 'APARNA MADAM', 3, 19, 'PUNE', 'A/C,300GM', '253120372263', 1, 'O', '', 25, NULL, NULL, '', 'A', '2024-08-13 12:42:27', 1, '0000-00-00 00:00:00', 0),
(650, 3, '2024-04-20', '10', 'PRAFULLA DHOLE', 3, 19, 'PUNE', 'A/C', '253120372264', 1, 'O', '', 20, NULL, NULL, '', 'A', '2024-08-13 12:43:23', 1, '0000-00-00 00:00:00', 0),
(651, 4, '2024-04-20', '10', 'NITIN SIR', 3, 19, 'PUNE', 'A/C', '253120372262', 1, 'O', '', 10, NULL, NULL, '', 'A', '2024-08-13 12:44:23', 1, '0000-00-00 00:00:00', 0),
(652, 5, '2024-04-20', '10', 'PRASHANT D BAKSHI', 30, 19, 'BULDHANA', 'SALES', '253120372261', 1, 'O', '', 10, NULL, NULL, '', 'A', '2024-08-13 12:45:30', 1, '0000-00-00 00:00:00', 0),
(653, 6, '2024-04-20', '10', 'DHWIJA ENT', 23, 19, 'GANDHINAGAR,GUJRAT', 'PURCHASE,700GM', '253120372265', 1, 'O', '', 80, NULL, NULL, '', 'A', '2024-08-13 12:47:22', 1, '0000-00-00 00:00:00', 0),
(654, 5, '2024-08-13', '9', 'KUSHAL ENTERPRISES', 8, 35, 'MUMBAI', 'A ROAD', '24081274843', 1, 'I', '', 0, NULL, NULL, '', 'A', '2024-08-13 14:08:12', 1, '0000-00-00 00:00:00', 0),
(655, 6, '2024-08-13', '9', 'S B ALLOYS', 8, 35, 'PUNE', 'A ROAD', '230220186668', 1, 'I', '', 0, NULL, NULL, '', 'A', '2024-08-13 14:08:52', 1, '0000-00-00 00:00:00', 0),
(656, 7, '2024-08-13', '9', 'SHIVAJI LALGAE', 31, 19, 'KOLHAPUR', 'GAURAV SIR', '258110044190', 1, 'I', '', 0, NULL, NULL, '', 'A', '2024-08-13 14:10:11', 1, '0000-00-00 00:00:00', 0),
(657, 8, '2024-08-13', '9', 'PELICAN TELECOM PVT LTD', 23, 19, 'PUNE', 'DANDANE', '1730313224', 1, 'I', '', 0, NULL, NULL, '', 'A', '2024-08-13 14:12:07', 1, '0000-00-00 00:00:00', 0),
(658, 9, '2024-08-13', '9', 'PRITI GUGNANI', 24, 26, 'ROHTAK', 'RMM', 'T29022851', 1, 'I', '', 0, NULL, NULL, '', 'A', '2024-08-13 14:13:54', 1, '0000-00-00 00:00:00', 0),
(659, 10, '2024-08-13', '17', 'SHARDA PATSANSTHA ', 21, 3, 'SANGAMNER', 'HR DEPT,A ROAD', 'RM324456549IN', 1, 'I', '', 0, NULL, NULL, '', 'A', '2024-08-13 14:15:29', 1, '0000-00-00 00:00:00', 0),
(660, 11, '2024-08-13', '19', 'PRATIK DIGABAR BONDGE', 21, 19, 'PATHARDI', 'SHIVAJI AHER SIR', 'EM375506195IN', 1, 'I', '', 0, NULL, NULL, '', 'A', '2024-08-13 14:24:44', 1, '0000-00-00 00:00:00', 0),
(661, 12, '2024-08-13', '9', 'K-FIN TECHNOLOGIES LIMITED', 3, 19, 'HYDERABAD', 'MDM-C/O BAPTE', '16729845580', 1, 'I', '', 0, NULL, NULL, '', 'A', '2024-08-13 14:26:33', 1, '0000-00-00 00:00:00', 0),
(662, 13, '2024-08-13', '9', 'KFIN TECHNOLOGIES LIMITED', 3, 19, 'HYDERABAD', 'LOM-C/O BAPTE', '40094168586', 1, 'I', '', 0, NULL, NULL, '', 'A', '2024-08-13 14:28:07', 1, '0000-00-00 00:00:00', 0),
(663, 14, '2024-08-13', '9', 'KFIN TECHNOLOGIES LIMITED', 3, 19, 'HYDERABAD', 'SMM-C/O BAPTE', '40094168601', 1, 'I', '', 0, NULL, NULL, '', 'A', '2024-08-13 14:29:29', 1, '0000-00-00 00:00:00', 0),
(664, 7, '2024-04-20', '10', 'ADV SAUMEN VIDYARTHI', 15, 19, 'MUMBAI', 'ADV PAWBAKE,URGNETN', '253120372266', 1, 'O', '', 175, NULL, NULL, '', 'A', '2024-08-13 15:08:13', 1, '0000-00-00 00:00:00', 0),
(665, 1, '2024-04-22', '10', 'MAYUR WAGH', 3, 19, 'PUNE', 'A/C', '253120372268', 1, 'O', '', 10, NULL, NULL, '', 'A', '2024-08-13 15:09:45', 1, '0000-00-00 00:00:00', 0),
(666, 2, '2024-04-22', '10', 'SANTOSH BHAGAT', 3, 19, 'PUNE', 'A/C', '253120372267', 1, 'O', '', 10, NULL, NULL, '', 'A', '2024-08-13 15:10:39', 1, '0000-00-00 00:00:00', 0),
(667, 3, '2024-04-22', '10', 'APARNA MADAM', 21, 19, 'PUNE', 'SHUKLA MADAM/KANAWADE VIJAY', '253120372270', 1, 'O', '', 10, NULL, NULL, '', 'A', '2024-08-13 15:16:04', 1, '0000-00-00 00:00:00', 0),
(668, 4, '2024-04-22', '10', 'SUYASH PLASTIC', 23, 19, 'PUNE', 'DANADANE,300GM', '253120372269', 1, 'O', '', 25, NULL, NULL, '', 'A', '2024-08-13 15:17:19', 1, '0000-00-00 00:00:00', 0),
(669, 1, '2024-04-23', '10', 'ADV SATYAJEET S DIXIT', 15, 19, 'CHH SAMBHAJINAGAR', 'ADV PAWBAKE', '253120372272', 1, 'O', '', 10, NULL, NULL, '', 'A', '2024-08-13 15:28:29', 1, '0000-00-00 00:00:00', 0),
(670, 2, '2024-04-23', '10', 'R K DEWAN & CO', 22, 19, 'MUMBAI', 'PK,300GM', '253120372273', 1, 'O', '', 25, NULL, NULL, '', 'A', '2024-08-13 15:29:52', 1, '0000-00-00 00:00:00', 0),
(671, 3, '2024-04-23', '10', 'GREEN ENERGY,MANJIT KAUR VEIKHA', 34, 23, 'MUMBAI', 'URGENT,SAGR SIR', '253120372271', 1, 'O', '', 175, NULL, NULL, '', 'A', '2024-08-13 15:33:41', 1, '0000-00-00 00:00:00', 0),
(672, 4, '2024-04-23', '10', 'M K ENTERPRISES', 23, 19, 'PUNE', '1.5KG', '253120372274', 1, 'O', '', 80, NULL, NULL, '', 'A', '2024-08-13 15:34:58', 1, '0000-00-00 00:00:00', 0),
(673, 5, '2024-04-23', '10', 'BHARAT ENTERPRISES', 23, 19, 'NASHIK', '300GM', '253120372275', 1, 'O', '', 25, NULL, NULL, '', 'A', '2024-08-13 15:36:15', 1, '0000-00-00 00:00:00', 0),
(674, 1, '2024-04-24', '10', 'SHWETA MADAM', 32, 19, 'PUNE', 'DAGA,300GM', '253120372278', 1, 'O', '', 25, NULL, NULL, '', 'A', '2024-08-13 15:37:36', 1, '0000-00-00 00:00:00', 0),
(675, 2, '2024-04-24', '10', 'MANISH ZAVAR', 12, 19, 'AHMEDNAGAR', 'RATHI RADHESHYAM', '253120372276', 1, 'O', '', 80, NULL, NULL, '', 'A', '2024-08-13 15:39:37', 1, '0000-00-00 00:00:00', 0),
(676, 3, '2024-04-24', '10', 'PRITI MADAM', 3, 19, 'PUNE', 'A/C,300GM', '253120372277', 1, 'O', '', 25, NULL, NULL, '', 'A', '2024-08-13 15:40:46', 1, '0000-00-00 00:00:00', 0),
(677, 4, '2024-04-24', '10', 'PARTH PATEL', 34, 23, 'GANDHINAGAR,GUJRAT', 'URGENT,SAGR SIR', '253120372279', 1, 'O', '', 350, NULL, NULL, '', 'A', '2024-08-13 15:42:31', 1, '0000-00-00 00:00:00', 0),
(678, 1, '2024-04-25', '10', 'MOHANRAO DHALE', 3, 19, 'JAMKHED', 'A/C', '253120372280', 1, 'O', '', 10, NULL, NULL, '', 'A', '2024-08-13 15:44:02', 1, '0000-00-00 00:00:00', 0),
(679, 15, '2024-08-13', '9', 'TEA LEAF INDIA', 8, 35, 'SILIGURI', 'A ROAD', '24062200020376', 1, 'I', '', 0, NULL, NULL, '', 'A', '2024-08-13 15:45:43', 1, '0000-00-00 00:00:00', 0),
(680, 16, '2024-08-13', '9', 'MSP CORPORATION', 8, 35, 'KOLKATA', 'A ROAD', '24021200058771', 1, 'I', '', 0, NULL, NULL, '', 'A', '2024-08-13 15:46:38', 1, '0000-00-00 00:00:00', 0),
(681, 17, '2024-08-13', '9', 'ARUN OVERSEAS', 8, 35, 'SILIGURI', 'A ROAD', '24062200017470', 1, 'I', '', 0, NULL, NULL, '', 'A', '2024-08-13 15:48:36', 1, '0000-00-00 00:00:00', 0),
(682, 2, '2024-04-25', '10', 'APARNA MADAM', 3, 19, 'PUNE', 'A/C', '253120372285', 1, 'O', '', 10, NULL, NULL, '', 'A', '2024-08-13 15:50:07', 1, '0000-00-00 00:00:00', 0),
(683, 3, '2024-04-25', '10', 'PRAMOD KUMAR', 3, 19, 'ODISHA', '1KG', '937639259', 1, 'O', '', 80, NULL, NULL, '', 'A', '2024-08-13 15:52:29', 1, '0000-00-00 00:00:00', 0),
(684, 4, '2024-04-25', '10', 'DR AJEY KUMAR CHAURASIA', 3, 19, 'KANPUR', '1KG', '937639264', 1, 'O', '', 80, NULL, NULL, '', 'A', '2024-08-13 15:54:09', 1, '0000-00-00 00:00:00', 0),
(685, 5, '2024-04-25', '10', 'SHWETA MADAM', 32, 19, 'PUNE', 'DAGA', '253120372284', 1, 'O', '', 10, NULL, NULL, '', 'A', '2024-08-13 15:55:42', 1, '0000-00-00 00:00:00', 0),
(686, 6, '2024-04-25', '10', 'PRAFULLA DHOLE', 32, 19, 'PUNE', 'DAGA', '253120372281', 1, 'O', '', 15, NULL, NULL, '', 'A', '2024-08-13 15:56:49', 1, '0000-00-00 00:00:00', 0),
(687, 7, '2024-04-25', '10', 'ASIAN MARKETS SEC', 3, 19, 'MUMBAI', 'BAPTE,300GM', '253120372282', 1, 'O', '', 25, NULL, NULL, '', 'A', '2024-08-13 16:04:06', 1, '0000-00-00 00:00:00', 0),
(688, 8, '2024-04-25', '10', 'NISHI JAIN', 33, 21, 'AHMEDABAD,GUJRAT', '1KG', '253120372283', 1, 'O', '', 80, NULL, NULL, '', 'A', '2024-08-13 16:05:45', 1, '0000-00-00 00:00:00', 0),
(689, 1, '2024-04-26', '10', 'RAJAS LABORATORIES', 23, 19, 'AHMEDNAGAR', 'PURCHASE,500GM', '253120372286', 1, 'O', '', 25, NULL, NULL, '', 'A', '2024-08-13 16:07:35', 1, '0000-00-00 00:00:00', 0),
(690, 2, '2024-04-26', '10', 'SHWETA MADAM', 32, 19, 'PUNE', 'DAGA', '253120372288', 1, 'O', '', 10, NULL, NULL, '', 'A', '2024-08-13 16:08:28', 1, '0000-00-00 00:00:00', 0),
(691, 3, '2024-04-26', '10', 'SAITIRTH THEME PARK ', 3, 22, 'SHIRDI', 'A/C', '253120372289', 1, 'O', '', 10, NULL, NULL, '', 'A', '2024-08-13 16:09:41', 1, '0000-00-00 00:00:00', 0),
(692, 4, '2024-04-26', '10', 'SHABAD ANDAGE', 4, 35, 'MOHOL', 'A ROAD', 'P83643802', 1, 'O', '', 45, NULL, NULL, '', 'A', '2024-08-13 16:11:43', 1, '0000-00-00 00:00:00', 0),
(693, 5, '2024-04-26', '10', 'SARVARI', 33, 21, 'GURGAON', '2KG', 'P83643804', 1, 'O', '', 300, NULL, NULL, '', 'A', '2024-08-13 16:13:08', 1, '0000-00-00 00:00:00', 0),
(694, 6, '2024-04-26', '10', 'AADHYA ENT', 23, 35, 'DEHUGAON,PUNE', 'PURCHASE', 'P68439886', 1, 'O', '', 45, NULL, NULL, '', 'A', '2024-08-13 16:14:38', 1, '0000-00-00 00:00:00', 0),
(695, 7, '2024-04-26', '10', 'SAHIL ENT', 23, 35, 'SHIRDI', 'PURCHASE', '253120372287', 1, 'O', '', 10, NULL, NULL, '', 'A', '2024-08-13 16:16:29', 1, '0000-00-00 00:00:00', 0),
(696, 8, '2024-04-26', '10', 'BHANDARI SALES ', 23, 35, 'SHEVGAON', 'PURCHASE', '42293668', 1, 'O', '', 10, NULL, NULL, '', 'A', '2024-08-13 16:18:17', 1, '0000-00-00 00:00:00', 0),
(697, 9, '2024-04-26', '10', 'TAVISHI', 33, 21, 'KHABAR', '2KG', 'P83643803', 1, 'O', '', 300, NULL, NULL, '', 'A', '2024-08-13 16:20:27', 1, '0000-00-00 00:00:00', 0),
(698, 10, '2024-04-26', '10', 'HITASHI', 33, 21, 'MUMBAI', '1KG', '253120372291', 1, 'O', '', 40, NULL, NULL, '', 'A', '2024-08-13 16:22:06', 1, '0000-00-00 00:00:00', 0),
(699, 1, '2024-04-27', '10', 'HONEYBEE', 3, 19, 'MUMBAI', 'A/C', '253120372292', 1, 'O', '', 10, NULL, NULL, '', 'A', '2024-08-13 16:24:50', 1, '0000-00-00 00:00:00', 0),
(700, 11, '2024-04-26', '10', 'DELISHA ANAND', 33, 21, 'MUMBAI', '1KG', '253120372290', 1, 'O', '', 40, NULL, NULL, '', 'A', '2024-08-13 16:26:46', 1, '0000-00-00 00:00:00', 0),
(701, 1, '2024-04-29', '10', 'PRITI MADAM', 21, 19, 'PUNE', '200GM', '253120372296', 1, 'O', '', 20, NULL, NULL, '', 'A', '2024-08-13 16:32:18', 1, '0000-00-00 00:00:00', 0),
(702, 2, '2024-04-29', '10', 'PRITI MADAM', 3, 19, 'PUNE', 'A/C', '253120372297', 1, 'O', '', 0, NULL, NULL, '', 'A', '2024-08-13 16:33:24', 1, '0000-00-00 00:00:00', 0),
(703, 3, '2024-04-29', '10', 'SAGAR KHANDANGLE', 3, 19, 'BANER,PUNE', 'URGENT', '253120372293', 1, 'O', '', 175, NULL, NULL, '', 'A', '2024-08-13 16:34:51', 1, '0000-00-00 00:00:00', 0),
(704, 4, '2024-04-29', '10', 'SOMNATH JORVEKAR/LALIT DHUMAL', 21, 19, 'PUNE', 'A/C', '253120372294', 1, 'O', '', 10, NULL, NULL, '', 'A', '2024-08-13 16:36:04', 1, '0000-00-00 00:00:00', 0),
(705, 5, '2024-04-29', '10', 'LEYA SARA GEORGE', 33, 21, 'BANGALORE', '1KG', 'P83643796', 1, 'O', '', 150, NULL, NULL, '', 'A', '2024-08-13 16:59:58', 1, '0000-00-00 00:00:00', 0),
(706, 6, '2024-04-29', '10', 'NISHITHA', 33, 21, 'CHENNAI', '1KG', 'P83643797', 1, 'O', '', 150, NULL, NULL, '', 'A', '2024-08-13 17:01:33', 1, '0000-00-00 00:00:00', 0),
(707, 7, '2024-04-29', '10', 'PUNYA KAPUR', 33, 21, 'DELHI', '1KG', '253120372299', 1, 'O', '', 80, NULL, NULL, '', 'A', '2024-08-13 17:06:52', 1, '0000-00-00 00:00:00', 0),
(708, 8, '2024-04-29', '10', 'APARNA MADAM', 21, 19, 'PUNE', 'SHUKLA MADAM/KANAWADE VIJAY', '253120372295', 1, 'O', '', 10, NULL, NULL, '', 'A', '2024-08-13 17:08:01', 1, '0000-00-00 00:00:00', 0),
(709, 9, '2024-04-29', '10', 'IMAGICA WORLD ENT', 3, 19, 'MUMBAI', '200GM', '253120372298', 1, 'O', '', 20, NULL, NULL, '', 'A', '2024-08-13 17:09:19', 1, '0000-00-00 00:00:00', 0),
(710, 1, '2024-04-30', '10', 'SHIVKRUPA ENT', 30, 19, 'WARJE MALWADI,PUNE', 'SALES', '253120379402', 1, 'O', '', 10, NULL, NULL, '', 'A', '2024-08-13 17:12:35', 1, '0000-00-00 00:00:00', 0),
(711, 2, '2024-04-30', '10', 'REXEL INDIA P LTD', 23, 19, 'PUNE', 'PURCHASE', 'P83720619', 1, 'O', '', 45, NULL, NULL, '', 'A', '2024-08-13 17:14:00', 1, '0000-00-00 00:00:00', 0),
(712, 3, '2024-04-30', '10', 'PRANALI ELECTRICALS', 23, 19, 'PUNE', 'PURCHASE', '253120379403', 1, 'O', '', 10, NULL, NULL, '', 'A', '2024-08-13 17:15:46', 1, '0000-00-00 00:00:00', 0),
(713, 4, '2024-04-30', '10', 'SHELHIC INDIA P LTD', 3, 19, 'MUMBAI', 'A/C', '253120379404', 1, 'O', '', 10, NULL, NULL, '', 'A', '2024-08-13 17:17:07', 1, '0000-00-00 00:00:00', 0),
(714, 5, '2024-04-30', '10', 'BHARAT ENTERPRISES', 30, 19, 'NASHIK', 'SALES', '253120379405', 1, 'O', '', 10, NULL, NULL, '', 'A', '2024-08-13 17:19:02', 1, '0000-00-00 00:00:00', 0),
(715, 6, '2024-04-30', '10', 'AMOL ARTS & CARDS', 30, 19, 'PUNE', 'SALES', 'P83720620', 1, 'O', '', 45, NULL, NULL, '', 'A', '2024-08-13 17:20:28', 1, '0000-00-00 00:00:00', 0),
(716, 7, '2024-04-30', '10', 'COOLBERG BEVERAGES', 23, 19, 'MUMBAI', 'PURCHASE', '253120379406', 1, 'O', '', 10, NULL, NULL, '', 'A', '2024-08-13 17:21:57', 1, '0000-00-00 00:00:00', 0),
(717, 8, '2024-04-30', '10', 'AMAZE PRODUCTS', 23, 19, 'MUMBAI', 'PURCHASE', '253120379407', 1, 'O', '', 10, NULL, NULL, '', 'A', '2024-08-13 18:13:21', 1, '0000-00-00 00:00:00', 0),
(718, 9, '2024-04-30', '10', 'VRF AIRCON P LTD', 23, 19, 'PUNE', 'PURCHASE', '253120379408', 1, 'O', '', 10, NULL, NULL, '', 'A', '2024-08-13 18:14:27', 1, '0000-00-00 00:00:00', 0),
(719, 1, '2024-08-13', '10', 'SAKSHI VARPE', 24, 15, 'LATUR', 'AVINASH VARPE', '', 1, 'O', '', 0, NULL, NULL, '', 'A', '2024-08-13 18:30:16', 1, '0000-00-00 00:00:00', 0),
(720, 2, '2024-08-13', '10', 'ASHISH-IDBI BANK', 32, 35, 'PUNE', 'HASE SIR', '', 1, 'O', '', 0, NULL, NULL, '', 'A', '2024-08-13 18:31:13', 1, '0000-00-00 00:00:00', 0),
(721, 3, '2024-08-13', '10', 'MR SHARAD DESAI', 34, 15, 'ULWE,NAVI MUMBAI', 'SAGAR SIR,URGENT', '', 1, 'O', '', 0, NULL, NULL, '', 'A', '2024-08-13 18:32:16', 1, '0000-00-00 00:00:00', 0),
(722, 4, '2024-08-13', '10', 'SHWETA MADAM', 32, 19, 'PUNE', 'DAGA', '', 1, 'O', '', 0, NULL, NULL, '', 'A', '2024-08-13 18:32:49', 1, '0000-00-00 00:00:00', 0),
(723, 5, '2024-08-13', '10', 'SOMNATH JORVEKAR/LALIT DHUMAL', 6, 19, 'PUNE', 'BACHHAV SIR', '', 1, 'O', '', 0, NULL, NULL, '', 'A', '2024-08-13 18:33:35', 1, '0000-00-00 00:00:00', 0),
(724, 1, '2024-08-14', '9', 'S B ALLOYS', 8, 35, 'PUNE', 'A ROAD', '230220186967', 1, 'I', '', 0, NULL, NULL, '', 'A', '2024-08-14 12:23:30', 1, '0000-00-00 00:00:00', 0),
(725, 2, '2024-08-14', '9', 'MSP CORPORATION', 8, 35, 'KOLKATA', 'A ROAD', '24021200058775', 1, 'I', '', 0, NULL, NULL, '', 'A', '2024-08-14 12:24:32', 1, '0000-00-00 00:00:00', 0),
(726, 3, '2024-08-14', '9', 'DINDAYAL ', 25, 26, 'MUMBAI', 'BAPTE', '216810223276', 1, 'I', '', 0, NULL, NULL, '', 'A', '2024-08-14 12:31:22', 1, '0000-00-00 00:00:00', 0),
(727, 4, '2024-08-14', '9', 'KFIN TECHNOLOGIES LIMITED', 3, 19, 'MUMBAI', 'BAPTE/OMKARNATH DAMODAR MALPANI HUF', '16729843281', 1, 'I', '', 0, NULL, NULL, '', 'A', '2024-08-14 12:37:11', 1, '0000-00-00 00:00:00', 0),
(728, 5, '2024-08-14', '9', 'VICHAR BHARTI KARYALAY', 29, 4, 'SAVEDI,AHMEDNAGAR', 'SOM,C/O BHANDURGE', '24208200207132', 1, 'I', '', 0, NULL, NULL, '', 'A', '2024-08-14 12:38:54', 1, '0000-00-00 00:00:00', 0),
(729, 6, '2024-08-14', '9', 'DHANANJAY PATIL', 34, 23, 'KOLHAPUR,SARNOBATWADI', 'AMOL SONAWANE', 'P69654884', 1, 'I', '', 0, NULL, NULL, '', 'A', '2024-08-14 12:40:40', 1, '0000-00-00 00:00:00', 0),
(730, 7, '2024-08-14', '9', 'NITIN SANGLE', 31, 19, 'MUMBAI', 'GAURAV SIR', '24079200014958', 1, 'I', '', 0, NULL, NULL, '', 'A', '2024-08-14 12:53:23', 1, '0000-00-00 00:00:00', 0),
(731, 8, '2024-08-14', '9', 'ANAND CHANDAN,MALPANI SARGAM SUPER MARKET', 3, 26, 'PATHARDI', 'KOKANE SIR', '7051217', 1, 'I', '', 0, NULL, NULL, '', 'A', '2024-08-14 12:54:48', 1, '0000-00-00 00:00:00', 0),
(732, 1, '2024-08-16', '9', 'KUSHAL ENTERPRISES', 3, 35, 'MUMBAI', 'DESHMUKH SIR,BILL', '24081420706', 1, 'I', '', 0, NULL, NULL, '', 'A', '2024-08-16 11:34:10', 1, '0000-00-00 00:00:00', 0),
(733, 2, '2024-08-16', '9', 'KUSHAL ENTERPRISES', 8, 35, 'MUMBAI', 'A ROAD', '24081485392', 1, 'I', '', 0, NULL, NULL, '', 'A', '2024-08-16 11:34:57', 1, '0000-00-00 00:00:00', 0),
(734, 3, '2024-08-16', '9', 'KUSHAL ENTERPRISES', 8, 35, 'MUMBAI', 'A ROAD', '24081339173', 1, 'I', '', 0, NULL, NULL, '', 'A', '2024-08-16 11:35:55', 1, '0000-00-00 00:00:00', 0),
(735, 4, '2024-08-16', '9', 'S B ALLOYS', 8, 35, 'PUNE', 'A ROAD', '230220187028', 1, 'I', '', 0, NULL, NULL, '', 'A', '2024-08-16 11:36:50', 1, '0000-00-00 00:00:00', 0),
(736, 5, '2024-08-16', '9', 'ANITA VYAS', 30, 15, 'NANDED', 'YOGESH JOSHI,RAKHI', 'NO NUMBER', 1, 'I', '', 0, NULL, NULL, '', 'A', '2024-08-16 11:38:05', 1, '0000-00-00 00:00:00', 0),
(737, 6, '2024-08-16', '9', 'KESHAVJI SHAH,GEETA PARIWAR SOLAPUR BRANCH', 29, 4, 'SOLAPUR', 'BHANDURGE', '253920241681', 1, 'I', '', 0, NULL, NULL, '', 'A', '2024-08-16 11:40:16', 1, '0000-00-00 00:00:00', 0),
(738, 7, '2024-08-16', '9', 'SADANAND BULBUE', 3, 19, 'BANGALORE', 'VISPUTE SIR', 'B27002762', 1, 'I', '', 0, NULL, NULL, '', 'A', '2024-08-16 11:41:40', 1, '0000-00-00 00:00:00', 0),
(739, 8, '2024-08-16', '9', 'KANTILAL CHHOTALAL', 29, 26, 'MUMBAI', 'SOM,C/O BHANDURGE', 'M42505317', 1, 'I', '', 0, NULL, NULL, '', 'A', '2024-08-16 11:42:50', 1, '0000-00-00 00:00:00', 0),
(740, 9, '2024-08-16', '9', 'SURAJ BHASKAR SHINDE', 31, 19, 'JALGAON', 'GHODEKAR', '281510113455', 1, 'I', '', 0, NULL, NULL, '', 'A', '2024-08-16 11:44:07', 1, '0000-00-00 00:00:00', 0),
(741, 85, '2024-07-29', '11', 'LAKSHYA BIYANI', 29, 4, 'GURGAON', 'SOM', '', 1, 'O', '', 5, NULL, NULL, '', 'A', '2024-08-16 12:05:20', 1, '0000-00-00 00:00:00', 0),
(742, 86, '2024-07-29', '11', 'B VAISHNAVI ', 29, 4, 'CHILAKALURIPET,AP', 'SOM', '', 1, 'O', '', 5, NULL, NULL, '', 'A', '2024-08-16 12:24:18', 1, '0000-00-00 00:00:00', 0),
(743, 87, '2024-07-29', '11', 'MANJULA', 29, 4, 'MYSORE,KARNATAKA', 'SOM', '', 1, 'O', '', 5, NULL, NULL, '', 'A', '2024-08-16 12:32:15', 1, '0000-00-00 00:00:00', 0),
(744, 88, '2024-07-29', '11', 'SHASHIREKHA RAMACHANDRA SARAFF', 29, 4, 'SHIMOGA,KARNATAKA', 'SOM', '', 1, 'O', '', 5, NULL, NULL, '', 'A', '2024-08-16 12:34:51', 1, '0000-00-00 00:00:00', 0),
(745, 89, '2024-07-29', '11', 'SONIA MITTAL', 29, 4, 'FIROJPUR,PUNJAB', 'SOM', '', 1, 'O', '', 5, NULL, NULL, '', 'A', '2024-08-16 12:41:07', 1, '0000-00-00 00:00:00', 0),
(746, 10, '2024-08-16', '9', 'VISAHAL AVLOKI,ENRICH THE SOLAR PEOPLE', 34, 23, 'PUNE', 'SAGAR SIR', '24010200255879', 1, 'I', '', 0, NULL, NULL, '', 'A', '2024-08-16 15:34:51', 1, '0000-00-00 00:00:00', 0),
(747, 11, '2024-08-16', '19', 'SAGAR RANE', 34, 23, 'BIJAPUR,KARNATAKA', 'SAGAR SIR', 'EK404722150IN', 1, 'I', '', 0, NULL, NULL, '', 'A', '2024-08-16 15:38:04', 1, '0000-00-00 00:00:00', 0),
(748, 12, '2024-08-16', '17', 'SAU H V SONAVANE', 9, 19, 'DHULE', 'UDAY SIR', 'RM386692794IN', 1, 'I', '', 0, NULL, NULL, '', 'A', '2024-08-16 15:39:43', 1, '0000-00-00 00:00:00', 0),
(749, 13, '2024-08-16', '9', 'NUVAMA WEALTH & INVESTMENT LTD', 3, 19, 'KURLA W,MUMBAI', 'BAPTE', '33430038272', 1, 'I', '', 0, NULL, NULL, '', 'A', '2024-08-16 15:41:06', 1, '0000-00-00 00:00:00', 0),
(750, 1, '2024-08-16', '10', 'SHITAL SANJEEV MUNIM', 29, 4, 'SURAT,GUJRAT', 'BOOKS & BILL', '', 1, 'O', '', 0, NULL, NULL, '', 'A', '2024-08-16 18:39:15', 1, '0000-00-00 00:00:00', 0),
(751, 2, '2024-08-16', '10', 'BIBIN JOHN', 33, 21, 'MEDCHAL-MALKAJGIRI,TELANGANA', 'DGM', '', 1, 'O', '', 0, NULL, NULL, '', 'A', '2024-08-16 18:41:35', 1, '0000-00-00 00:00:00', 0),
(752, 1, '2024-08-17', '9', 'ROHIDAS SHINDE', 34, 23, 'SANGDEWADI', 'SAGAR SIR', '', 1, 'I', '', 0, NULL, NULL, '', 'I', '2024-08-17 11:07:50', 1, '0000-00-00 00:00:00', 0),
(753, 1, '2024-08-17', '10', 'ROHIDAS SHINDE', 34, 23, 'SANGDEWADI', 'SAGAR SIR', '', 1, 'O', '', 0, NULL, NULL, '', 'A', '2024-08-17 11:09:21', 1, '0000-00-00 00:00:00', 0),
(754, 2, '2024-08-17', '10', 'SUKUMAR BIRNALE', 34, 23, 'PUNE', 'SAGAR SIR', '', 1, 'O', '', 0, NULL, NULL, '', 'A', '2024-08-17 11:10:09', 1, '0000-00-00 00:00:00', 0),
(755, 1, '2024-08-17', '9', 'DEODAP INTERNATIONAL PVT LTD', 9, 19, 'RAJKOT', 'UDAY SIR', '77164079414', 1, 'I', '', 0, NULL, NULL, '', 'A', '2024-08-17 11:13:12', 1, '0000-00-00 00:00:00', 0),
(756, 2, '2024-08-17', '9', 'RANICHERRA TEA COMPANY LIMITED', 25, 26, 'JALPAIGURI,SAILIHAT', 'ROM', '17476120760', 1, 'I', '', 0, NULL, NULL, '', 'A', '2024-08-17 11:33:32', 1, '0000-00-00 00:00:00', 0),
(757, 3, '2024-08-17', '9', 'SHWETA MULE', 31, 19, 'SINNAR', 'GAURAV SIR', '1725111413', 1, 'I', '', 0, NULL, NULL, '', 'A', '2024-08-17 11:34:46', 1, '0000-00-00 00:00:00', 0),
(758, 4, '2024-08-17', '9', 'USHA CHARLS DANIEL', 13, 19, 'VIKROLI ,MUMBAI', 'SANJAY WAKCHOURE', '1554024467', 1, 'I', '', 0, NULL, NULL, '', 'A', '2024-08-17 11:36:18', 1, '0000-00-00 00:00:00', 0),
(759, 5, '2024-08-17', '9', 'S B ALLOYS', 8, 35, 'PUNE', 'A ROAD', '230220187117', 1, 'I', '', 0, NULL, NULL, '', 'A', '2024-08-17 17:46:09', 1, '0000-00-00 00:00:00', 0),
(760, 6, '2024-08-17', '9', 'GAUTAM TEA  CO', 8, 35, 'KOCHIN', 'A ROAD', '373300021540', 1, 'I', '', 0, NULL, NULL, '', 'A', '2024-08-17 17:47:27', 1, '0000-00-00 00:00:00', 0),
(761, 7, '2024-08-17', '9', 'R B DESAI & CO', 23, 35, 'KALUPUR,AHMEDABAD', 'DANDANE', '103221436227', 1, 'I', '', 0, NULL, NULL, '', 'I', '2024-08-17 17:52:21', 1, '0000-00-00 00:00:00', 0),
(762, 8, '2024-08-17', '19', 'MALLIKARJUN RAMANNA', 4, 3, 'BIDAR', 'SANTOSH T ROUT', 'EK321186241IN', 1, 'I', '', 0, NULL, NULL, '', 'A', '2024-08-17 17:53:47', 1, '0000-00-00 00:00:00', 0),
(763, 3, '2024-08-17', '10', 'KULDHARAN DIGAMBAR/JORVEKAR ', 23, 19, 'PUNE', 'DANDANE', '', 1, 'O', '', 0, NULL, NULL, '', 'A', '2024-08-17 18:56:45', 1, '0000-00-00 00:00:00', 0),
(764, 1, '2024-08-19', '9', 'VORA TEA & IMPEX', 8, 35, 'VASHI,NAVI MUMBAI', 'A ROAD', '24435200068834', 1, 'I', '', 0, NULL, NULL, '', 'A', '2024-08-19 10:04:31', 1, '0000-00-00 00:00:00', 0),
(765, 2, '2024-08-19', '9', 'MSP CORPORATION', 8, 35, 'KOLKATA', 'A ROAD', '24021200058793', 1, 'I', '', 0, NULL, NULL, '', 'A', '2024-08-19 10:29:37', 1, '0000-00-00 00:00:00', 0),
(766, 1, '2024-08-19', '10', 'SOMNATH JORVEKAR/LALIT DHUMAL', 23, 22, 'PUNE', 'BACHHAV SIR', '', 1, 'O', '', 0, NULL, NULL, '', 'A', '2024-08-19 10:50:36', 1, '0000-00-00 00:00:00', 0),
(767, 2, '2024-08-19', '10', 'MUKUL REDKAR', 23, 19, 'MUMBAI', 'DANDANE', '', 1, 'O', '', 0, NULL, NULL, '', 'A', '2024-08-19 10:53:01', 1, '0000-00-00 00:00:00', 0),
(768, 3, '2024-08-19', '9', 'ARUN OVERSEAS', 8, 35, 'SILIGURI', 'A ROAD', '2406220023953', 1, 'I', '', 0, NULL, NULL, '', 'A', '2024-08-19 11:12:29', 1, '0000-00-00 00:00:00', 0),
(769, 4, '2024-08-19', '19', 'ANKITA AGRAWAL & ASSO', 3, 4, 'GHAZIABAD,UP', 'AMIT JADHAV', 'ED585773214IN', 1, 'I', '', 0, NULL, NULL, '', 'A', '2024-08-19 11:13:50', 1, '0000-00-00 00:00:00', 0),
(770, 5, '2024-08-19', '19', 'SHASHIKANT BARIK', 34, 23, 'DEWAS', 'AMOL SONAWANE', 'EI705165408IN', 1, 'I', '', 0, NULL, NULL, '', 'A', '2024-08-19 11:15:15', 1, '0000-00-00 00:00:00', 0),
(771, 6, '2024-08-19', '19', 'PRIYANKA CHATURVEDI', 3, 19, 'BHARTHANA,ETAWAH,UP', 'DUBE SIR', 'EU139818306IN', 1, 'I', '', 0, NULL, NULL, '', 'A', '2024-08-19 11:16:40', 1, '0000-00-00 00:00:00', 0),
(772, 7, '2024-08-19', '19', 'PRIYANKA CHATURVEDI', 5, 19, 'BHARTHANA,ETAWAH,UP', 'VINIT TIWARI', 'EU139818195IN', 1, 'I', '', 0, NULL, NULL, '', 'A', '2024-08-19 11:18:09', 1, '0000-00-00 00:00:00', 0),
(773, 8, '2024-08-19', '9', 'MSP CORPORATION', 8, 35, 'KOLKATA', 'A ROAD', '330200180199', 1, 'I', '', 0, NULL, NULL, '', 'A', '2024-08-19 15:05:15', 1, '0000-00-00 00:00:00', 0),
(774, 9, '2024-08-19', '9', 'S B ALLOYS', 8, 35, 'PUNE', 'A ROAD', '230220187245', 1, 'I', '', 0, NULL, NULL, '', 'A', '2024-08-19 15:06:06', 1, '0000-00-00 00:00:00', 0),
(775, 10, '2024-08-19', '9', 'MR OMKAR Y TILE', 29, 4, 'NASHIK', 'BHANDURGE', '1730109422', 1, 'I', '', 0, NULL, NULL, '', 'A', '2024-08-19 15:07:44', 1, '0000-00-00 00:00:00', 0),
(776, 11, '2024-08-19', '19', 'HDFC BANK,CHAQUE BK', 32, 3, 'MUMBAI', 'A ROAD,ODM HUF,PANDE OMKAR', 'HQ042868110IN', 1, 'I', '', 0, NULL, NULL, '', 'A', '2024-08-19 15:12:02', 1, '0000-00-00 00:00:00', 0),
(777, 3, '2024-08-19', '10', 'APARNA MADAM', 3, 19, 'PUNE', 'YOGESH TIEWARI', '', 1, 'O', '', 0, NULL, NULL, '', 'A', '2024-08-19 18:03:30', 1, '0000-00-00 00:00:00', 0),
(778, 4, '2024-08-19', '10', 'MR MILIND N JADHAV', 30, 15, 'KALYAN E,MUMBAI', 'PHATANAGRE MADAM', '', 1, 'O', '', 0, NULL, NULL, '', 'A', '2024-08-19 18:05:48', 1, '0000-00-00 00:00:00', 0),
(779, 10, '2024-04-30', '10', 'SEAL WINGS SEALINGS', 23, 19, 'BHOSARI,PUNE', 'PURCHASE', '253120379409', 1, 'O', '', 10, NULL, NULL, '', 'A', '2024-08-19 18:11:13', 1, '0000-00-00 00:00:00', 0),
(780, 11, '2024-04-30', '10', 'SANKALP HYDRAULIK', 23, 19, 'NEW MUMBAI', 'DANDANE', '253120379410', 1, 'O', '', 10, NULL, NULL, '', 'A', '2024-08-19 18:12:39', 1, '0000-00-00 00:00:00', 0),
(781, 12, '2024-04-30', '10', 'SUMANEL TECHNOLOGY ENT', 23, 19, 'PUNE', 'PURCHASE', '253120379411', 1, 'O', '', 10, NULL, NULL, '', 'A', '2024-08-19 18:14:15', 1, '0000-00-00 00:00:00', 0),
(782, 13, '2024-04-30', '10', 'JAY YASH ENTERPRISES', 23, 19, 'MUMBAI', 'PURCHASE', '253120379412', 1, 'O', '', 10, NULL, NULL, '', 'A', '2024-08-19 18:15:44', 1, '0000-00-00 00:00:00', 0),
(783, 14, '2024-04-30', '10', 'SARVADNYA ENT', 23, 19, 'PUNE', 'PURCHASE', '253120379413', 1, 'O', '', 10, NULL, NULL, '', 'A', '2024-08-19 18:17:21', 1, '0000-00-00 00:00:00', 0),
(784, 15, '2024-04-30', '10', 'NEW MAHESH ENT', 30, 19, 'BHIWANDI', 'SALES', '2531203794141', 1, 'O', '', 10, NULL, NULL, '', 'A', '2024-08-19 18:18:35', 1, '0000-00-00 00:00:00', 0),
(785, 16, '2024-04-30', '10', 'A B ENTERPRISES', 30, 19, 'PUNE', 'SALES', '253120379415', 1, 'O', '', 10, NULL, NULL, '', 'A', '2024-08-19 18:19:41', 1, '0000-00-00 00:00:00', 0),
(786, 17, '2024-04-30', '10', 'DHIRAJLAL MORARJI', 30, 19, 'MUMBAI', 'SALES', '253120379416', 1, 'O', '', 10, NULL, NULL, '', 'A', '2024-08-19 18:20:49', 1, '0000-00-00 00:00:00', 0),
(787, 18, '2024-04-30', '10', 'SIDDHESHWAR ENT', 23, 19, 'PUNE', 'PURCHASE', '253120379417', 1, 'O', '', 10, NULL, NULL, '', 'A', '2024-08-19 18:22:23', 1, '0000-00-00 00:00:00', 0),
(788, 19, '2024-04-30', '10', 'GREEN ENVIROSATE ENG', 23, 19, 'RANJANGAON,PUNE', 'PURCHASE', '253120379418', 1, 'O', '', 10, NULL, NULL, '', 'A', '2024-08-19 18:24:12', 1, '0000-00-00 00:00:00', 0),
(789, 20, '2024-04-30', '10', 'MILL STORES CORP', 23, 19, 'MUMBAI', 'PURCHASE', '253120379419', 1, 'O', '', 10, NULL, NULL, '', 'A', '2024-08-19 18:25:40', 1, '0000-00-00 00:00:00', 0),
(790, 21, '2024-04-30', '10', 'PRIME IND SERVICES', 23, 19, 'PUNE', 'PURCHASE', '253120379420', 1, 'O', '', 10, NULL, NULL, '', 'A', '2024-08-19 18:26:46', 1, '0000-00-00 00:00:00', 0),
(791, 22, '2024-04-30', '10', 'MINAR SALES', 23, 19, 'PUNE', 'PURCHASE', '253120379421', 1, 'O', '', 10, NULL, NULL, '', 'A', '2024-08-19 18:27:53', 1, '0000-00-00 00:00:00', 0),
(792, 23, '2024-04-30', '10', 'ELECTRO CARE INDIA', 23, 19, 'NEW MUMBAI', 'PURCHASE', '253120379422', 1, 'O', '', 10, NULL, NULL, '', 'A', '2024-08-19 18:29:03', 1, '0000-00-00 00:00:00', 0),
(793, 24, '2024-04-30', '10', 'MICRO ENG WORKS', 23, 19, 'MUMBAI', 'PURCHASE', '253120379423', 1, 'O', '', 10, NULL, NULL, '', 'A', '2024-08-19 18:30:10', 1, '0000-00-00 00:00:00', 0),
(794, 25, '2024-04-30', '10', 'ALANKAR RUBBER CO', 23, 19, 'MUMBAI', 'PURCHASE', '253120379424', 1, 'O', '', 10, NULL, NULL, '', 'A', '2024-08-19 18:31:17', 1, '0000-00-00 00:00:00', 0),
(795, 26, '2024-04-30', '10', 'SHUBHANJANA DAS', 33, 21, 'GOA', '1KG', 'P68568236', 1, 'O', '', 150, NULL, NULL, '', 'A', '2024-08-19 18:37:29', 1, '0000-00-00 00:00:00', 0),
(796, 1, '2024-08-20', '9', 'MUNDHRA TEA COMPANY', 8, 35, 'GUWAHATI', 'A ROAD', '17483234753', 1, 'I', '', 0, NULL, NULL, '', 'A', '2024-08-20 12:06:57', 1, '0000-00-00 00:00:00', 0),
(797, 2, '2024-08-20', '9', 'TEA SERVICES', 8, 35, 'SILIGURI', 'A ROAD', '24062200023985', 1, 'I', '', 0, NULL, NULL, '', 'A', '2024-08-20 12:08:10', 1, '0000-00-00 00:00:00', 0),
(798, 3, '2024-08-20', '9', 'VIJAYA TEA TRADING ', 8, 35, 'MUMBAI', 'A ROAD', '24081942697', 1, 'I', '', 0, NULL, NULL, '', 'A', '2024-08-20 12:09:07', 1, '0000-00-00 00:00:00', 0),
(799, 4, '2024-08-20', '9', 'SARGAM SUPER MARKET PVT LTD', 3, 26, 'KOPARGAON', 'KOKANE RAJENDRA', '182800107869', 1, 'I', '', 0, NULL, NULL, '', 'A', '2024-08-20 12:10:39', 1, '0000-00-00 00:00:00', 0),
(800, 5, '2024-08-20', '17', 'R K DEWAN & CO', 22, 35, 'MUMBAI', 'PK', 'RM132002717IN', 1, 'I', '', 0, NULL, NULL, '', 'A', '2024-08-20 12:13:30', 1, '0000-00-00 00:00:00', 0),
(801, 6, '2024-08-20', '9', 'OM PRINTING & FLEXIBLE PACKAGING PVT LTD(UMA GROUP)', 33, 21, 'MALEGAON,NASHIK', 'KOTKAR,DGM', 'P69356343', 1, 'I', '', 0, NULL, NULL, '', 'A', '2024-08-20 12:20:20', 1, '0000-00-00 00:00:00', 0),
(802, 7, '2024-08-20', '9', 'DINESHA G C', 34, 23, 'MANDYA ,KARNATAKA', 'AMOL SONAWANE', '24018100027760', 1, 'I', '', 0, NULL, NULL, '', 'A', '2024-08-20 12:22:25', 1, '0000-00-00 00:00:00', 0),
(803, 8, '2024-08-20', '9', 'PGIM,INDIA MUTUAL FUND', 8, 35, 'BANDRA E,MUMBAI', 'DSM', 'P84069122', 1, 'I', '', 0, NULL, NULL, '', 'A', '2024-08-20 12:23:40', 1, '0000-00-00 00:00:00', 0),
(804, 9, '2024-08-20', '9', 'RAVI KABRA', 1, 26, 'BHILWARA,RAJ', 'ASM', '947507805', 1, 'I', '', 0, NULL, NULL, '', 'A', '2024-08-20 12:27:39', 1, '0000-00-00 00:00:00', 0),
(805, 10, '2024-08-20', '9', 'LAFIT LIGHTING SOLUTIONS', 23, 3, 'BHIWANDI,MUMBAI', 'DAHAD SIR', '7D103824451', 1, 'I', '', 0, NULL, NULL, '', 'A', '2024-08-20 12:29:50', 1, '0000-00-00 00:00:00', 0),
(806, 11, '2024-08-20', '9', 'KANTILAL CHHOTALAL', 29, 26, 'MUMBAI', 'SOM,C/O BHANDURGE', 'M42505335', 1, 'I', '', 0, NULL, NULL, '', 'A', '2024-08-20 12:31:15', 1, '0000-00-00 00:00:00', 0),
(807, 12, '2024-08-20', '9', 'ATUL TIWARI', 5, 19, 'GURGAON', 'VINIT TIWARI', '100161286181', 1, 'I', '', 0, NULL, NULL, '', 'A', '2024-08-20 12:34:23', 1, '0000-00-00 00:00:00', 0),
(808, 13, '2024-08-20', '9', 'ATUL TIWARI', 3, 19, 'GURGAON', 'DUBE SIR', '100161286172', 1, 'I', '', 0, NULL, NULL, '', 'A', '2024-08-20 12:35:07', 1, '0000-00-00 00:00:00', 0),
(809, 14, '2024-08-20', '9', 'R B DESAI & CO', 23, 35, 'KALUPUR,AHMEDABAD', 'DANDANE', '103221436227', 1, 'I', '', 0, NULL, NULL, '', 'A', '2024-08-20 12:37:48', 1, '0000-00-00 00:00:00', 0),
(810, 15, '2024-08-20', '9', 'AJINKYA TRADERS', 31, 19, 'SANGAMESHWAR,RATNAGIRI', 'GAURAV SIR', '1726984805', 1, 'I', '', 0, NULL, NULL, '', 'A', '2024-08-20 12:42:25', 1, '0000-00-00 00:00:00', 0),
(811, 16, '2024-08-20', '9', 'AMBIKA SERVICES', 4, 3, 'GOREGAON E,MUMBAI', 'A ROAD,PURCHASE,DAHAD SIR', '18776699', 1, 'I', '', 0, NULL, NULL, '', 'A', '2024-08-20 12:48:08', 1, '0000-00-00 00:00:00', 0),
(812, 1, '2024-08-20', '10', 'ANURAG BANTHIA', 33, 21, 'KANDIVALI E,MUMBAI', 'DGM', '', 1, 'O', '', 0, NULL, NULL, '', 'A', '2024-08-20 18:00:40', 1, '0000-00-00 00:00:00', 0),
(813, 2, '2024-08-20', '10', 'RAJENDRA MODHAVAE', 30, 19, 'PAREL E,MUMBAI', 'SALES', '', 1, 'O', '', 0, NULL, NULL, '', 'A', '2024-08-20 18:02:57', 1, '0000-00-00 00:00:00', 0),
(814, 3, '2024-08-20', '10', 'NILESH SADAVARTE,MODIBAUG', 30, 19, 'PUNE', 'SHYAM TIWARI', '', 1, 'O', '', 0, NULL, NULL, '', 'A', '2024-08-20 18:03:56', 1, '0000-00-00 00:00:00', 0),
(815, 4, '2024-08-20', '10', 'KAILAS BANKAR', 34, 23, 'PUNE', 'URGENT,SAGR SIR', '', 1, 'O', '', 0, NULL, NULL, '', 'A', '2024-08-20 18:04:57', 1, '0000-00-00 00:00:00', 0),
(816, 5, '2024-08-20', '10', 'MR ANIL VITHHALRAO TAMBE', 3, 19, 'TUMKUR,KARNATAKA', 'SULTANE,URGENT', '', 1, 'O', '', 0, NULL, NULL, '', 'A', '2024-08-20 18:06:20', 1, '0000-00-00 00:00:00', 0),
(817, 6, '2024-08-20', '10', 'MR M G SHAIKH', 34, 3, 'VADODARA,GUJRAT', 'URGENT,AMOL SIR', '', 1, 'O', '', 0, NULL, NULL, '', 'A', '2024-08-20 18:07:32', 1, '0000-00-00 00:00:00', 0),
(818, 7, '2024-08-20', '10', 'APARNA MADAM', 3, 19, 'PUNE', 'KANAWADE DNYANDEO', '', 1, 'O', '', 0, NULL, NULL, '', 'A', '2024-08-20 18:08:31', 1, '0000-00-00 00:00:00', 0),
(819, 1, '2024-08-21', '9', 'S B ALLOYS', 8, 35, 'PUNE', 'A ROAD', '24062200020849', 1, 'I', '', 0, NULL, NULL, '', 'A', '2024-08-21 10:37:37', 1, '0000-00-00 00:00:00', 0),
(820, 2, '2024-08-21', '9', 'TEA LEAF INDIA', 8, 35, 'SILIGURI', 'A ROAD', '24062200020845', 1, 'I', '', 0, NULL, NULL, '', 'A', '2024-08-21 10:38:48', 1, '0000-00-00 00:00:00', 0),
(821, 3, '2024-08-21', '9', 'EKTA SHUKLA ', 23, 19, 'DWARKA', 'DANDANE', '24120170090', 1, 'I', '', 0, NULL, NULL, '', 'A', '2024-08-21 10:40:39', 1, '0000-00-00 00:00:00', 0),
(822, 4, '2024-08-21', '9', 'MUMBAI INTERNATIONAL AIRPORT LTD', 34, 23, 'SANTACRUZ E,MUMBAI', 'SAGAR SIR', '24007300080815', 1, 'I', '', 0, NULL, NULL, '', 'A', '2024-08-21 10:42:05', 1, '0000-00-00 00:00:00', 0),
(823, 27, '2024-04-30', '10', 'PUNGLIYA TYRES', 23, 19, 'PUNE', 'PURCHASE', '253120379427', 1, 'O', '', 10, NULL, NULL, '', 'A', '2024-08-21 10:51:31', 1, '0000-00-00 00:00:00', 0);
INSERT INTO `post_entry` (`sr_no`, `entry_id`, `entry_date`, `post_type`, `party_name`, `dept_id`, `firm_id`, `city_name`, `remark`, `receipt_no`, `qty`, `flag`, `fr_machine`, `charges`, `rec_no`, `rec_date`, `ret`, `status`, `c_at`, `c_by`, `u_at`, `u_by`) VALUES
(824, 28, '2024-04-30', '10', 'A V TRADERS', 23, 19, 'PUNE', 'PURCHASE', '253120379426', 1, 'O', '', 10, NULL, NULL, '', 'A', '2024-08-21 10:52:47', 1, '0000-00-00 00:00:00', 0),
(825, 29, '2024-04-30', '10', 'BEE CREATIVE BEE CREATIVE', 23, 19, 'PUNE', 'PURCHASE', '253120379425', 1, 'O', '', 10, NULL, NULL, '', 'A', '2024-08-21 10:54:05', 1, '0000-00-00 00:00:00', 0),
(826, 30, '2024-04-30', '10', 'RADHA ENTERPRISES', 23, 19, 'PUNE', 'PURCHASE', '253120379428', 1, 'O', '', 10, NULL, NULL, '', 'A', '2024-08-21 10:55:02', 1, '0000-00-00 00:00:00', 0),
(827, 31, '2024-04-30', '10', 'PARSHWANATH AGENCIES', 23, 19, 'AHMEDNAGAR', 'PURCHASE', '253120379429', 1, 'O', '', 10, NULL, NULL, '', 'A', '2024-08-21 10:56:20', 1, '0000-00-00 00:00:00', 0),
(828, 32, '2024-04-30', '10', 'S & M TRADING CORP', 23, 19, 'NASHIK', 'PURCHASE', '253120379430', 1, 'O', '', 10, NULL, NULL, '', 'A', '2024-08-21 10:57:18', 1, '0000-00-00 00:00:00', 0),
(829, 33, '2024-04-30', '10', 'M M ENTERPRISES', 23, 19, 'PUNE', 'PURCHASE', '253120379431', 1, 'O', '', 10, NULL, NULL, '', 'A', '2024-08-21 11:00:51', 1, '0000-00-00 00:00:00', 0),
(830, 34, '2024-04-30', '10', 'OMKAR ENT', 23, 19, 'PUNE', 'PURCHASE', '253120379432', 1, 'O', '', 10, NULL, NULL, '', 'A', '2024-08-21 11:02:09', 1, '0000-00-00 00:00:00', 0),
(831, 35, '2024-04-30', '10', 'SAI SIDDHI CORP', 23, 19, 'PUNE', 'PURCHASE', '253120379433', 1, 'O', '', 10, NULL, NULL, '', 'A', '2024-08-21 11:03:30', 1, '0000-00-00 00:00:00', 0),
(832, 5, '2024-08-21', '9', 'ANTARGYAN CLOUDWORKS LLP', 5, 19, 'PUNE', 'TUSHAR KATARIYA', '1000333602560', 1, 'I', '', 0, NULL, NULL, '', 'A', '2024-08-21 11:50:52', 1, '0000-00-00 00:00:00', 0),
(833, 6, '2024-08-21', '9', 'KUSHAL ENTERPRISES', 8, 35, 'MUMBAI', 'A ROAD', '24082011481', 1, 'I', '', 0, NULL, NULL, '', 'A', '2024-08-21 11:52:07', 1, '0000-00-00 00:00:00', 0),
(834, 7, '2024-08-21', '9', 'S B ALLOYS', 8, 35, 'PUNE', 'A ROAD', '230220187304', 1, 'I', '', 0, NULL, NULL, '', 'A', '2024-08-21 11:52:48', 1, '0000-00-00 00:00:00', 0),
(835, 8, '2024-08-21', '9', 'S B ALLOYS', 8, 35, 'PUNE', 'A ROAD', '230220187424', 1, 'I', '', 0, NULL, NULL, '', 'A', '2024-08-21 11:53:32', 1, '0000-00-00 00:00:00', 0),
(836, 9, '2024-08-21', '9', 'MSP CORPORATION', 8, 35, 'KOLKATA', 'A ROAD', '330200180207', 1, 'I', '', 0, NULL, NULL, '', 'A', '2024-08-21 11:54:29', 1, '0000-00-00 00:00:00', 0),
(837, 10, '2024-08-21', '9', 'SITARAM LOGISTICS', 4, 19, 'ADIPUR(KUTCH)', 'KAWADE', 'A53011333', 1, 'I', '', 0, NULL, NULL, '', 'A', '2024-08-21 11:56:58', 1, '0000-00-00 00:00:00', 0),
(838, 11, '2024-08-21', '9', 'MALPANI ESTATES', 23, 19, 'PUNE', 'BADDAR MADAM', '230820085027', 1, 'I', '', 0, NULL, NULL, '', 'A', '2024-08-21 11:58:05', 1, '0000-00-00 00:00:00', 0),
(839, 12, '2024-08-21', '9', 'R B DESAI & CO', 23, 35, 'KALUPUR,AHMEDABAD', 'DANDANE', '103221436230', 1, 'I', '', 0, NULL, NULL, '', 'A', '2024-08-21 11:58:55', 1, '0000-00-00 00:00:00', 0),
(840, 13, '2024-08-21', '9', 'MEERAS ', 29, 2, 'NASHIK', 'GHORPADE MADAM,BHANDURGE', '288120080423', 1, 'I', '', 0, NULL, NULL, '', 'A', '2024-08-21 12:02:50', 1, '0000-00-00 00:00:00', 0),
(841, 9, '2024-08-17', '9', 'GOYAL ARTS ', 12, 26, 'AMRITSAR,PUNJAB', 'GMM', '151457980131789', 1, 'I', '', 0, NULL, NULL, '', 'A', '2024-08-21 14:22:18', 1, '0000-00-00 00:00:00', 0),
(842, 36, '2024-04-30', '10', 'MAHARASHTRA SALES CORP', 23, 19, 'PUNE', 'PURCHASE', 'P83720621', 1, 'O', '', 45, NULL, NULL, '', 'A', '2024-08-21 15:34:50', 1, '0000-00-00 00:00:00', 0),
(843, 37, '2024-04-30', '10', 'ROYAL ENT', 23, 19, 'MUMBAI', 'PURCHASE', '253120379434', 1, 'O', '', 10, NULL, NULL, '', 'A', '2024-08-21 15:36:01', 1, '0000-00-00 00:00:00', 0),
(844, 38, '2024-04-30', '10', 'AARTI INTERIOR AARTI', 23, 19, 'NASHIK', 'PURCHASE', '253120379435', 1, 'O', '', 10, NULL, NULL, '', 'A', '2024-08-21 15:37:18', 1, '0000-00-00 00:00:00', 0),
(845, 39, '2024-04-30', '10', 'WE ARE OUTDOOR MEDIA SOLUTION', 23, 19, 'JALGAON', 'PURCHASE', '253120379436', 1, 'O', '', 10, NULL, NULL, '', 'A', '2024-08-21 15:38:42', 1, '0000-00-00 00:00:00', 0),
(846, 40, '2024-04-30', '10', 'RIDDHI ENT', 23, 19, 'NASHIK', 'PURCHASE', '253120379437', 1, 'O', '', 10, NULL, NULL, '', 'A', '2024-08-21 15:39:46', 1, '0000-00-00 00:00:00', 0),
(847, 41, '2024-04-30', '10', 'MARS INTERNATIONAL INDIA ', 23, 19, 'MUMBAI', 'PURCHASE', '253120379438', 1, 'O', '', 10, NULL, NULL, '', 'A', '2024-08-21 15:40:44', 1, '0000-00-00 00:00:00', 0),
(848, 42, '2024-04-30', '10', 'DEVANGI OUTDOOR ADVERTISEMENT', 23, 19, 'MUMBAI', 'PURCHASE', '253120379444', 1, 'O', '', 10, NULL, NULL, '', 'A', '2024-08-21 15:41:54', 1, '0000-00-00 00:00:00', 0),
(849, 43, '2024-04-30', '10', 'MILITARY STORES', 23, 19, 'NASHIK', 'PURCHASE', 'P83720623', 1, 'O', '', 45, NULL, NULL, '', 'A', '2024-08-21 15:44:31', 1, '0000-00-00 00:00:00', 0),
(850, 44, '2024-04-30', '10', 'AAYUSH PUBLICITY ', 23, 19, 'PUNE', 'PURCHASE', 'P83720624', 1, 'O', '', 45, NULL, NULL, '', 'A', '2024-08-21 15:45:43', 1, '0000-00-00 00:00:00', 0),
(851, 45, '2024-04-30', '10', 'OM ENT', 23, 19, 'PUNE', 'PURCHASE', '253120379443', 1, 'O', '', 10, NULL, NULL, '', 'A', '2024-08-21 15:46:51', 1, '0000-00-00 00:00:00', 0),
(852, 46, '2024-04-30', '10', 'ANKEET HARWARE STORES', 23, 19, 'PUNE', 'PURCHASE', '253120379442', 1, 'O', '', 10, NULL, NULL, '', 'A', '2024-08-21 15:47:56', 1, '0000-00-00 00:00:00', 0),
(853, 47, '2024-04-30', '10', 'PRITI GUGNANI', 24, 19, 'ROHTAK', '2KG,RMM', '21634187', 1, 'O', '', 120, NULL, NULL, '', 'A', '2024-08-21 15:55:49', 1, '0000-00-00 00:00:00', 0),
(854, 48, '2024-04-30', '10', 'ENERGY BEVERAGES P LTD', 23, 19, 'MUMBAI', 'PURCHASE', '253120379441', 1, 'O', '', 10, NULL, NULL, '', 'A', '2024-08-21 15:57:46', 1, '0000-00-00 00:00:00', 0),
(855, 49, '2024-04-30', '10', 'VENUS TRADERS', 23, 19, 'PUNE', 'PURCHASE', '253120379440', 1, 'O', '', 10, NULL, NULL, '', 'A', '2024-08-21 15:59:14', 1, '0000-00-00 00:00:00', 0),
(856, 50, '2024-04-30', '10', 'INDIAN ELECTRO TRADERS', 23, 19, 'PUNE', 'PURCHASE', '253120379439', 1, 'O', '', 10, NULL, NULL, '', 'A', '2024-08-21 16:00:20', 1, '0000-00-00 00:00:00', 0),
(857, 51, '2024-04-30', '10', 'ANAND ENT', 23, 19, 'NASHIK', 'PURCHASE', '253120379445', 1, 'O', '', 10, NULL, NULL, '', 'A', '2024-08-21 16:01:28', 1, '0000-00-00 00:00:00', 0),
(858, 52, '2024-04-30', '10', 'VINUS FLOW METERS', 23, 19, 'PUNE', 'PURCHASE', '253120379475', 1, 'O', '', 10, NULL, NULL, '', 'A', '2024-08-21 16:07:45', 1, '0000-00-00 00:00:00', 0),
(859, 1, '2024-04-16', '10', 'PRAFULLA DHOLE', 3, 19, 'PUNE', 'A/C', '253120363196', 1, 'O', '', 10, NULL, NULL, '', 'A', '2024-08-21 16:11:27', 1, '0000-00-00 00:00:00', 0),
(860, 2, '2024-04-16', '10', 'APARNA MADAM', 21, 19, 'PUNE', 'SHUKLA MADAM/KANAWADE VIJAY', '253120363198', 1, 'O', '', 10, NULL, NULL, '', 'A', '2024-08-21 16:12:54', 1, '0000-00-00 00:00:00', 0),
(861, 3, '2024-04-16', '10', 'SANTOSH BHAGAT', 3, 19, 'PUNE', 'SANJAY MAHAJAN', '253120363197', 1, 'O', '', 10, NULL, NULL, '', 'A', '2024-08-21 16:14:17', 1, '0000-00-00 00:00:00', 0),
(862, 8, '2024-04-10', '10', 'PANKAJ AGRAWAL', 29, 4, 'LUCKNOW', 'SOM', 'P83643814', 1, 'O', '', 45, NULL, NULL, '', 'A', '2024-08-21 16:27:15', 1, '0000-00-00 00:00:00', 0),
(863, 9, '2024-04-10', '10', 'SANJANA CHAWLA', 33, 21, 'DELHI', '2KG', '937639151', 1, 'O', '', 160, NULL, NULL, '', 'A', '2024-08-21 16:28:53', 1, '0000-00-00 00:00:00', 0),
(864, 10, '2024-04-10', '10', 'INOX GREEN ENERGY', 34, 23, 'BIJAPUR,KARNATAKA', 'URGENT,SAGR SIR,1 KG', 'V83555617', 1, 'O', '', 250, NULL, NULL, '', 'A', '2024-08-21 16:30:15', 1, '0000-00-00 00:00:00', 0),
(865, 8, '2024-04-09', '10', 'KOTRIWALA SEVA NIDHI', 29, 4, 'KOLKATA', 'SOM,BHANDURGE', '937639142', 1, 'O', '', 20, NULL, NULL, '', 'A', '2024-08-21 16:32:36', 1, '0000-00-00 00:00:00', 0),
(866, 9, '2024-04-09', '10', 'ASHOK KUMAR SABOO', 29, 4, 'KOLKATA', 'SOM', '937639139', 1, 'O', '', 20, NULL, NULL, '', 'A', '2024-08-21 16:33:49', 1, '0000-00-00 00:00:00', 0),
(867, 10, '2024-04-09', '10', 'SHUBHKARAN TRIVANI FOUNDATION', 29, 4, 'KOLKATA', 'SOM', '937639141', 1, 'O', '', 20, NULL, NULL, '', 'A', '2024-08-21 16:35:22', 1, '0000-00-00 00:00:00', 0),
(868, 11, '2024-04-09', '10', 'GOURISHANKAR SEKSARIA', 29, 4, 'KOLKATA', '937639140', '1', 1, 'O', '', 20, NULL, NULL, '', 'A', '2024-08-21 16:37:19', 1, '0000-00-00 00:00:00', 0),
(869, 12, '2024-04-09', '10', 'PURUSHOTAM BAHETI', 29, 4, 'RATNAGIRI', 'SOM', '253120377412', 1, 'O', '', 10, NULL, NULL, '', 'A', '2024-08-21 16:38:40', 1, '0000-00-00 00:00:00', 0),
(870, 13, '2024-04-09', '10', 'LAXMI CHARITABLE TRUST', 29, 4, 'MUMBAI', 'SOM', '253120377413', 1, 'O', '', 10, NULL, NULL, '', 'A', '2024-08-21 16:39:56', 1, '0000-00-00 00:00:00', 0),
(871, 14, '2024-04-09', '10', 'RAMESH GOPIKISHAN MALANI', 29, 4, 'CHH SAMBHAJINAGAR', 'SOM', '253120377414', 1, 'O', '', 10, NULL, NULL, '', 'A', '2024-08-21 16:41:18', 1, '0000-00-00 00:00:00', 0),
(872, 15, '2024-04-09', '10', 'SHRIKANT MATE', 29, 4, 'THANE W,MUMBAI', 'SOM', '253120377415', 1, 'O', '', 10, NULL, NULL, '', 'A', '2024-08-21 16:42:47', 1, '0000-00-00 00:00:00', 0),
(873, 16, '2024-04-09', '10', 'PAYAL MUKUND KUNTE', 29, 4, 'KALYAN W', 'SOM', 'P83555614', 1, 'O', '', 45, NULL, NULL, '', 'A', '2024-08-21 16:56:56', 1, '0000-00-00 00:00:00', 0),
(874, 17, '2024-04-09', '10', 'SANJEEV BEDEKAR', 29, 4, 'DELHI', 'SOM', 'P83555615', 1, 'O', '', 45, NULL, NULL, '', 'A', '2024-08-21 16:58:12', 1, '0000-00-00 00:00:00', 0),
(875, 4, '2024-04-11', '10', 'MAITHILI BANDARKAR', 33, 21, 'GURGAON,HARYANA', '1KG', 'P83643813', 1, 'O', '', 0, NULL, NULL, '', 'A', '2024-08-21 17:00:41', 1, '0000-00-00 00:00:00', 0),
(876, 53, '2024-04-30', '10', 'RAJU BHAI', 1, 19, 'MUMBAI', '500GM', '253120379401', 1, 'O', '', 25, NULL, NULL, '', 'A', '2024-08-21 17:35:17', 1, '0000-00-00 00:00:00', 0),
(877, 54, '2024-04-30', '10', 'LALITA SHETTY', 3, 19, 'MUMBAI', 'BAPTE', '253120379481', 1, 'O', '', 10, NULL, NULL, '', 'A', '2024-08-21 17:42:35', 1, '0000-00-00 00:00:00', 0),
(878, 55, '2024-04-30', '10', 'MALPANI ESTATES', 32, 19, 'PUNE', 'DAGA', '253120379482', 1, 'O', '', 10, NULL, NULL, '', 'A', '2024-08-21 17:44:01', 1, '0000-00-00 00:00:00', 0),
(879, 56, '2024-04-30', '10', 'RAJESH RAMNARAYAN SOMANI', 30, 19, 'PUNE', 'SALES', '253120379446', 1, 'O', '', 10, NULL, NULL, '', 'A', '2024-08-21 17:45:31', 1, '0000-00-00 00:00:00', 0),
(880, 57, '2024-04-30', '10', 'EVOLVE ENT & CONSULTANT', 23, 19, 'PUNE', 'PURCHASE', '253120379447', 1, 'O', '', 10, NULL, NULL, '', 'A', '2024-08-21 18:09:41', 1, '0000-00-00 00:00:00', 0),
(881, 1, '2024-08-21', '10', 'ADITYA INFOTECH LTD', 29, 4, 'NASHIK', 'BHANDURGE', '', 1, 'O', '', 0, NULL, NULL, '', 'A', '2024-08-21 18:37:33', 1, '0000-00-00 00:00:00', 0),
(882, 2, '2024-08-21', '10', 'CHINMAY', 33, 21, 'MUMBAI,GOREGAON E', 'DGM', '', 1, 'O', '', 0, NULL, NULL, '', 'A', '2024-08-21 18:39:14', 1, '0000-00-00 00:00:00', 0),
(883, 3, '2024-08-21', '10', 'RESHMA POOJARI', 5, 19, 'ANDHERI W,MUMBAI', 'ROHIT KURUP', '', 0, 'O', '', 0, NULL, NULL, '', 'A', '2024-08-21 18:40:17', 1, '0000-00-00 00:00:00', 0),
(884, 4, '2024-08-21', '10', 'SHWETA MADAM', 32, 19, 'PUNE', 'DAGA', '', 1, 'O', '', 0, NULL, NULL, '', 'A', '2024-08-21 18:41:09', 1, '0000-00-00 00:00:00', 0),
(885, 5, '2024-08-21', '10', 'SMT ASHAJI LOYA', 43, 15, 'HYDERABAD', 'BOOKS,RATHI RADHESHAM', '', 1, 'O', '', 0, NULL, NULL, '', 'A', '2024-08-21 18:42:36', 1, '0000-00-00 00:00:00', 0),
(886, 1, '2024-08-22', '19', 'ASHWIN BHOSALE', 34, 23, 'BHAINSDEHI', 'AMOL SONAWANE', 'EI092296763IN', 1, 'I', '', 0, NULL, NULL, '', 'A', '2024-08-22 15:28:38', 1, '0000-00-00 00:00:00', 0),
(887, 2, '2024-08-22', '17', 'ADV SANTOSHKUMAR MEITWAL', 34, 23, 'JAVRA,RATLAM,MP', 'BANKAR SIR,C/O SAGAR SIR', 'RI836495490IN', 1, 'I', '', 0, NULL, NULL, '', 'A', '2024-08-22 15:30:32', 1, '0000-00-00 00:00:00', 0),
(888, 3, '2024-08-22', '19', 'BEED JILHA MAHESHWARI SABHA,ADV SHRIKRISHNA B TOSHNIWAL', 45, 38, 'AMBAJOGAI,BEED', 'BRM', 'TA131377276IN', 1, 'I', '', 0, NULL, NULL, '', 'A', '2024-08-22 15:33:41', 1, '0000-00-00 00:00:00', 0),
(889, 4, '2024-08-22', '19', 'SANSKRITMAITRI,C/O ARCHANA KATIRA', 43, 3, 'ROHA ,RAIGAD', 'LOM', 'EM672070501IN', 1, 'I', '', 0, NULL, NULL, '', 'A', '2024-08-22 15:55:48', 1, '0000-00-00 00:00:00', 0),
(890, 5, '2024-08-22', '9', 'POLO QUEEN INDUSTRIAL & FINTECH LTD', 24, 26, 'MUMBAI', 'RMM', '343588796072', 1, 'I', '', 0, NULL, NULL, '', 'A', '2024-08-22 15:58:10', 1, '0000-00-00 00:00:00', 0),
(891, 6, '2024-08-22', '9', 'MALPANI WATER PARK,AJEET JAIN', 23, 3, 'INDORE', 'DAHAD SIR', '24047100027240', 1, 'I', '', 0, NULL, NULL, '', 'A', '2024-08-22 15:59:38', 1, '0000-00-00 00:00:00', 0),
(892, 7, '2024-08-22', '9', 'MUNDHRA TEA COMPANY', 8, 35, 'GUWAHATI', 'A ROAD', '17487526361', 1, 'I', '', 0, NULL, NULL, '', 'A', '2024-08-22 16:00:33', 1, '0000-00-00 00:00:00', 0),
(893, 8, '2024-08-22', '9', 'MSP CORPORATION', 8, 35, 'KOLKATA', 'A ROAD', '24021200058803', 1, 'I', '', 0, NULL, NULL, '', 'A', '2024-08-22 16:01:31', 1, '0000-00-00 00:00:00', 0),
(894, 9, '2024-08-22', '9', 'MUNDHRA TEA COMPANY', 8, 35, 'GUWAHATI', 'A ROAD', '17487526405', 1, 'I', '', 0, NULL, NULL, '', 'A', '2024-08-22 16:02:46', 1, '0000-00-00 00:00:00', 0),
(895, 10, '2024-08-22', '9', 'S B ALLOYS', 8, 35, 'PUNE', 'A ROAD', '230220187535', 1, 'I', '', 0, NULL, NULL, '', 'A', '2024-08-22 16:03:44', 1, '0000-00-00 00:00:00', 0),
(896, 11, '2024-08-22', '9', 'VISHAL MORE', 5, 19, 'ANDHERI W,MUMBAI', 'TUSHAR KATARIYA', '2200550914', 1, 'I', '', 0, NULL, NULL, '', 'A', '2024-08-22 16:05:13', 1, '0000-00-00 00:00:00', 0),
(897, 12, '2024-08-22', '9', 'MRPL ', 4, 19, 'NIPANI', 'NITIN HASE', '392500026136', 1, 'I', '', 0, NULL, NULL, '', 'A', '2024-08-22 16:09:56', 1, '0000-00-00 00:00:00', 0),
(898, 13, '2024-08-22', '9', 'IMRAN SHAIKH', 29, 4, 'MUMBAI', 'DATTA BHANDURGE', 'M39290318', 1, 'I', '', 0, NULL, NULL, '', 'A', '2024-08-22 16:11:10', 1, '0000-00-00 00:00:00', 0),
(899, 1, '2024-08-22', '10', 'HARSHITA SONAWANE', 33, 21, 'MUMBAI', 'DGM', '', 1, 'O', '', 0, NULL, NULL, '', 'A', '2024-08-22 17:45:21', 1, '0000-00-00 00:00:00', 0),
(900, 2, '2024-08-22', '10', 'MR RAJESH VEERASWARI', 3, 19, 'PUNE', 'YOGESH TIEWARI', '', 1, 'O', '', 0, NULL, NULL, '', 'A', '2024-08-22 18:27:00', 1, '0000-00-00 00:00:00', 0),
(901, 3, '2024-08-22', '10', 'ANURAG PARANJAPE', 5, 19, 'PUNE', 'TUSHAR KATARIYA', '', 1, 'O', '', 0, NULL, NULL, '', 'A', '2024-08-22 18:27:59', 1, '0000-00-00 00:00:00', 0),
(902, 4, '2024-08-22', '10', 'ARIHANT EDUCATION FOUNDATION', 3, 20, 'PUNE,CAMP', 'AMIT JADHAV', '', 1, 'O', '', 0, NULL, NULL, '', 'A', '2024-08-22 18:29:05', 1, '0000-00-00 00:00:00', 0),
(903, 5, '2024-08-22', '10', 'YOGESH PRAJAPATI,ICICI PRUDENTIAL ASSET MANAGEMENT COMPANY LTD', 3, 19, 'MUMBAI,FORT', 'BAPTE', '', 1, 'O', '', 0, NULL, NULL, '', 'A', '2024-08-22 18:30:44', 1, '0000-00-00 00:00:00', 0),
(904, 6, '2024-08-22', '10', 'SHWETA MADAM', 32, 19, 'PUNE', 'DAGA', '', 1, 'O', '', 0, NULL, NULL, '', 'A', '2024-08-22 18:31:14', 1, '0000-00-00 00:00:00', 0),
(905, 7, '2024-08-22', '10', 'ABHISHEK MITRA', 30, 19, 'KOLKATA,NEWALIPORE', 'SALES', '', 1, 'O', '', 0, NULL, NULL, '', 'A', '2024-08-22 18:32:17', 1, '0000-00-00 00:00:00', 0),
(906, 1, '2024-08-23', '9', 'GAUTAM TEA  CO', 8, 35, 'KOCHIN', 'A ROAD', '373300021586', 1, 'I', '', 0, NULL, NULL, '', 'A', '2024-08-23 11:01:02', 1, '0000-00-00 00:00:00', 0),
(907, 2, '2024-08-23', '9', 'PARWEZ BAGBAN', 31, 19, 'NIPANI', 'GAURAV SIR', '392500026144', 1, 'I', '', 0, NULL, NULL, '', 'A', '2024-08-23 11:04:54', 1, '0000-00-00 00:00:00', 0),
(908, 3, '2024-08-23', '9', 'K P AYYAPPAN', 8, 35, 'THEVARAM', 'DSM', '20672595510', 1, 'I', '', 0, NULL, NULL, '', 'A', '2024-08-23 11:21:04', 1, '0000-00-00 00:00:00', 0),
(909, 4, '2024-08-23', '9', 'S B ALLOYS', 8, 35, 'PUNE', 'A ROAD', '230220187613', 1, 'I', '', 0, NULL, NULL, '', 'A', '2024-08-23 15:57:38', 1, '0000-00-00 00:00:00', 0),
(910, 1, '2024-08-23', '10', 'APARNA MADAM', 5, 19, 'PUNE', 'ROHIT KURUP', '', 1, 'O', '', 0, NULL, NULL, '', 'A', '2024-08-23 17:38:58', 1, '0000-00-00 00:00:00', 0),
(911, 2, '2024-08-23', '10', 'SHWETA MADAM', 32, 19, 'PUNE', 'DAGA', '', 1, 'O', '', 0, NULL, NULL, '', 'A', '2024-08-23 17:39:46', 1, '0000-00-00 00:00:00', 0),
(912, 3, '2024-08-23', '10', 'SOMNATH JORVEKAR/LALIT DHUMAL', 6, 19, 'PUNE', 'BACHHAV SIR', '', 1, 'O', '', 0, NULL, NULL, '', 'A', '2024-08-23 17:41:01', 1, '0000-00-00 00:00:00', 0),
(913, 4, '2024-08-23', '10', 'SHRI AJAYJI KABRA,MAHAMANTRI A B MAHASABHA', 45, 38, 'RAJPURA,BHADOHI', 'BRM', '', 1, 'O', '', 0, NULL, NULL, '', 'A', '2024-08-23 17:43:23', 1, '0000-00-00 00:00:00', 0),
(914, 5, '2024-08-23', '10', 'SHRI RAJKUMARJI KALYA ,ARTHMANTRI A B MAHASABHA', 45, 38, 'BHILWADA,RAJASTHAN', 'BRM', '', 1, 'O', '', 0, NULL, NULL, '', 'A', '2024-08-23 17:45:11', 1, '0000-00-00 00:00:00', 0),
(915, 6, '2024-08-23', '10', 'SHRI MADHUSUDANJI GANDHI', 45, 38, 'DOMBIVALI E,MUMBAI', 'BRM', '', 1, 'O', '', 0, NULL, NULL, '', 'A', '2024-08-23 17:47:05', 1, '0000-00-00 00:00:00', 0),
(916, 7, '2024-08-23', '10', 'SHRI SATYANARAYANJI SARDA', 45, 38, 'JALNA', 'BRM', '', 1, 'O', '', 0, NULL, NULL, '', 'A', '2024-08-23 17:47:50', 1, '0000-00-00 00:00:00', 0),
(917, 8, '2024-08-23', '10', 'SOMNATH JORVEKAR/LALIT DHUMAL', 23, 19, 'PUNE', 'DANADNE', '', 1, 'O', '', 0, NULL, NULL, '', 'A', '2024-08-23 17:48:59', 1, '0000-00-00 00:00:00', 0),
(918, 58, '2024-04-30', '10', 'FORTUNE IMPEX FORTUNE', 23, 19, 'MUMBAI', 'PURCHASE', '253120379448', 1, 'O', '', 10, NULL, NULL, '', 'A', '2024-08-23 17:52:50', 1, '0000-00-00 00:00:00', 0),
(919, 59, '2024-04-30', '10', 'AVION SYSTEMS', 23, 19, 'PUNE', 'PURCHASE', '253120379449', 1, 'O', '', 10, NULL, NULL, '', 'A', '2024-08-23 17:53:57', 1, '0000-00-00 00:00:00', 0),
(920, 60, '2024-04-30', '10', 'GANGAGIRI DISTRIBUTORS', 23, 19, 'PUNE', 'PURCHASE', '253120379450', 1, 'O', '', 10, NULL, NULL, '', 'A', '2024-08-23 17:55:10', 1, '0000-00-00 00:00:00', 0),
(921, 61, '2024-04-30', '10', 'ABSTRACT GRAPHICS', 23, 19, 'PUNE', 'PURCHASE', 'P83720625', 1, 'O', '', 45, NULL, NULL, '', 'A', '2024-08-23 17:58:13', 1, '0000-00-00 00:00:00', 0),
(922, 62, '2024-04-30', '10', 'ALLIED RESOURCE MANAGEMENT', 23, 19, 'PUNE', 'PURCHASE', '253120379451', 1, 'O', '', 10, NULL, NULL, '', 'A', '2024-08-23 17:59:48', 1, '0000-00-00 00:00:00', 0),
(923, 63, '2024-04-30', '10', 'HRISHIKESH ENT', 23, 19, 'PUNE', 'PURCHASE', '253120379452', 1, 'O', '', 10, NULL, NULL, '', 'A', '2024-08-23 18:00:45', 1, '0000-00-00 00:00:00', 0),
(924, 1, '2024-08-26', '9', 'KUSHAL ENTERPRISES', 8, 35, 'MUMBAI', 'A ROAD', '24082458393', 1, 'I', '', 0, NULL, NULL, '', 'A', '2024-08-26 10:38:30', 1, '0000-00-00 00:00:00', 0),
(925, 2, '2024-08-26', '9', 'PRASAD ENT', 4, 19, 'BELGAUM', 'NITIN HASE', 'MKUR2648716', 1, 'I', '', 0, NULL, NULL, '', 'A', '2024-08-26 10:42:05', 1, '0000-00-00 00:00:00', 0),
(926, 3, '2024-08-26', '9', 'AJEET JAIN', 6, 19, 'INDORE,MP', 'BACHHAV SIR', '24047100011973', 1, 'I', '', 0, NULL, NULL, '', 'A', '2024-08-26 10:43:22', 1, '0000-00-00 00:00:00', 0),
(927, 4, '2024-08-26', '9', 'HDFC BANK,CARD', 4, 37, 'CHENNAI', 'A ROAD(TARACHAND KATHE)', 'HD045261275IN', 1, 'I', '', 0, NULL, NULL, '', 'A', '2024-08-26 11:41:13', 1, '0000-00-00 00:00:00', 0),
(928, 5, '2024-08-26', '9', 'GAUTAM TEA  CO', 8, 35, 'KOCHIN', 'A ROAD', '373300021598', 1, 'I', '', 0, NULL, NULL, '', 'A', '2024-08-26 11:42:29', 1, '0000-00-00 00:00:00', 0),
(929, 6, '2024-08-26', '9', 'MSP CORPORATION', 8, 35, 'KOLKATA', 'A ROAD', '330200180227', 1, 'I', '', 0, NULL, NULL, '', 'A', '2024-08-26 11:43:15', 1, '0000-00-00 00:00:00', 0),
(930, 7, '2024-08-26', '17', 'SHOBHA BALKISAN MANDORA', 45, 38, 'DEOGAON,JALGAON', 'BRM', 'RM373795985IN', 1, 'I', '', 0, NULL, NULL, '', 'A', '2024-08-26 11:45:03', 1, '0000-00-00 00:00:00', 0),
(931, 8, '2024-08-26', '9', 'S B ALLOYS', 8, 35, 'PUNE', 'A ROAD', '230220187711', 1, 'I', '', 0, NULL, NULL, '', 'A', '2024-08-26 12:16:00', 1, '0000-00-00 00:00:00', 0),
(932, 1, '2024-08-26', '10', 'PRAFULLA DHOLE', 30, 19, 'PUNE', 'YOGESH MHASE,SALES', '', 1, 'O', '', 0, NULL, NULL, '', 'A', '2024-08-26 12:17:29', 1, '0000-00-00 00:00:00', 0),
(933, 64, '2024-04-30', '10', 'JANARDAN MARKETING', 23, 19, 'MUMBAI', 'PURCHASE', '253120379453', 1, 'O', '', 0, NULL, NULL, '', 'A', '2024-08-26 12:20:34', 1, '0000-00-00 00:00:00', 0),
(934, 65, '2024-04-30', '10', 'WET N JOY WATERPARK ', 23, 19, 'TALEGAON,LONAVALA', 'PURCHASE', 'P68568212', 1, 'O', '', 45, NULL, NULL, '', 'A', '2024-08-26 12:26:37', 1, '0000-00-00 00:00:00', 0),
(935, 66, '2024-04-30', '10', 'MECON ALLOYS INC MECON', 23, 19, 'MUMBAI', 'PURCHASE', '253120379455', 1, 'O', '', 10, NULL, NULL, '', 'A', '2024-08-26 12:28:12', 1, '0000-00-00 00:00:00', 0),
(936, 67, '2024-04-30', '10', 'GLOBAL INDIA TELE -INFRA ', 23, 19, 'PUNE', 'PURCHASE', '253120379456', 1, 'O', '', 10, NULL, NULL, '', 'A', '2024-08-26 12:29:18', 1, '0000-00-00 00:00:00', 0),
(937, 68, '2024-04-30', '10', 'BUILDBEE INDIA', 23, 19, 'MUMBAI', 'PURCHASE', '253120379457', 1, 'O', '', 10, NULL, NULL, '', 'A', '2024-08-26 12:30:45', 1, '0000-00-00 00:00:00', 0),
(938, 69, '2024-04-30', '10', 'DUGAR OVERSEASE P LTD', 23, 19, 'MUMBAI', 'PURCHASE', '253120379458', 1, 'O', '', 10, NULL, NULL, '', 'A', '2024-08-26 12:32:57', 1, '0000-00-00 00:00:00', 0),
(939, 70, '2024-04-30', '10', 'GTS TECHNOSOFT P LTD', 23, 19, 'PUNE', 'PURCHASE', '253120379459', 1, 'O', '', 10, NULL, NULL, '', 'A', '2024-08-26 12:34:32', 1, '0000-00-00 00:00:00', 0),
(940, 71, '2024-04-30', '10', 'PRATHAMESH CRANE', 23, 19, 'PUNE', 'PURCHASE', 'P83720626', 1, 'O', '', 45, NULL, NULL, '', 'A', '2024-08-26 12:36:38', 1, '0000-00-00 00:00:00', 0),
(941, 72, '2024-04-30', '10', 'ROHIT ENTERPRISES', 23, 19, 'PUNE', 'PURCHASE', 'P83720627', 1, 'O', '', 45, NULL, NULL, '', 'A', '2024-08-26 12:37:54', 1, '0000-00-00 00:00:00', 0),
(942, 2, '2024-08-26', '10', 'IMAGICA WORLD ENTERTAINMENT LTD', 15, 19, 'ANDHERI W,MUMBAI', 'ADV PAWBAKE', '', 1, 'O', '', 0, NULL, NULL, '', 'A', '2024-08-26 18:18:24', 1, '0000-00-00 00:00:00', 0),
(943, 3, '2024-08-26', '10', 'SHWETA MADAM', 32, 19, 'PUNE', 'DAGA', '', 1, 'O', '', 0, NULL, NULL, '', 'A', '2024-08-26 18:19:17', 1, '0000-00-00 00:00:00', 0),
(944, 4, '2024-08-26', '10', 'MAHIMA GUPTA', 3, 19, 'MUMBAI,LOWER PAREL', 'BAPTE', '', 1, 'O', '', 0, NULL, NULL, '', 'A', '2024-08-26 18:20:21', 1, '0000-00-00 00:00:00', 0),
(945, 5, '2024-08-26', '10', 'JORVEKAR SIR', 23, 19, 'PUNE', 'DANDANE', '', 1, 'O', '', 0, NULL, NULL, '', 'A', '2024-08-26 18:24:22', 1, '0000-00-00 00:00:00', 0),
(946, 6, '2024-08-26', '10', 'MANOJ BADRINARAYAN KALANTRI', 30, 19, 'NASHIK', 'SALES', '', 1, 'O', '', 0, NULL, NULL, '', 'A', '2024-08-26 18:26:12', 1, '0000-00-00 00:00:00', 0),
(947, 7, '2024-08-26', '10', 'SHWETA MADAM', 32, 19, 'PUNE', 'DAGA', '', 1, 'O', '', 0, NULL, NULL, '', 'A', '2024-08-26 18:26:43', 1, '0000-00-00 00:00:00', 0),
(948, 1, '2024-08-27', '19', 'STATE TAX OFFICER', 3, 19, 'YERWADA,PUNE', 'YOGESH TIEWARI,KINGSVILLE REALITY LLP', 'EM351751801IN', 1, 'I', '', 0, NULL, NULL, '', 'A', '2024-08-27 10:49:24', 1, '0000-00-00 00:00:00', 0),
(949, 2, '2024-08-27', '9', 'DR INDRANI BASUMALLIK', 24, 26, 'KOLKATA', 'RMM', 'K47935436', 1, 'I', '', 0, NULL, NULL, '', 'A', '2024-08-27 10:51:03', 1, '0000-00-00 00:00:00', 0),
(950, 8, '2024-08-26', '10', 'SONALI CHAVAN', 33, 21, 'GURGAON,HARYANA', 'DGM', '', 1, 'O', '', 0, NULL, NULL, '', 'A', '2024-08-27 11:34:16', 1, '0000-00-00 00:00:00', 0),
(951, 1, '2024-08-27', '11', 'TNGDCL-VIRUDHUNAGAR', 34, 23, 'VIRUDHUNAGAR,TAMIL NADU', 'AMOL SONAWANE', '', 1, 'O', '', 5, NULL, NULL, '', 'A', '2024-08-27 11:37:44', 1, '0000-00-00 00:00:00', 0),
(952, 3, '2024-08-27', '9', 'TEA LEAF INDIA', 8, 35, 'SILIGURI', 'A ROAD', '24062200021194', 1, 'I', '', 0, NULL, NULL, '', 'A', '2024-08-27 16:05:21', 1, '0000-00-00 00:00:00', 0),
(953, 4, '2024-08-27', '9', 'MSP CORPORATION', 8, 35, 'KOLKATA', 'A ROAD', '24021200058814', 1, 'I', '', 0, NULL, NULL, '', 'A', '2024-08-27 16:06:22', 1, '0000-00-00 00:00:00', 0),
(954, 5, '2024-08-27', '9', 'S B ALLOYS', 8, 35, 'PUNE', 'A ROAD', '230220187859', 1, 'I', '', 0, NULL, NULL, '', 'A', '2024-08-27 16:07:04', 1, '0000-00-00 00:00:00', 0),
(955, 6, '2024-08-27', '9', 'ARCHIVISTA ,AEPPL', 6, 19, 'PUNE', 'BACHHAV SIR', '24043200092742', 1, 'I', '', 0, NULL, NULL, '', 'A', '2024-08-27 16:08:18', 1, '0000-00-00 00:00:00', 0),
(956, 2, '2024-08-27', '10', 'SUNIL DIWATE', 21, 19, 'MUMBAI,PAREL E', 'HR,URGENT', '', 1, 'O', '', 0, NULL, NULL, '', 'A', '2024-08-27 17:08:49', 1, '0000-00-00 00:00:00', 0),
(957, 3, '2024-08-27', '10', 'PRITI MADAM', 21, 19, 'PUNE', 'SHUKLA MADAM/KANAWADE VIJAY', '', 1, 'O', '', 0, NULL, NULL, '', 'A', '2024-08-27 17:11:58', 1, '0000-00-00 00:00:00', 0),
(958, 4, '2024-08-27', '10', 'PRITI MADAM', 21, 19, 'PUNE', 'NIGHUTE BHAIRAV', '', 1, 'O', '', 0, NULL, NULL, '', 'A', '2024-08-27 17:18:05', 1, '0000-00-00 00:00:00', 0),
(959, 5, '2024-08-27', '10', 'ADITYA BIRLA HEALTH INSURANCE CO LTD', 13, 15, 'NASHIK', 'SANTOSH BURHADE', '', 1, 'O', '', 0, NULL, NULL, '', 'A', '2024-08-27 17:23:56', 1, '0000-00-00 00:00:00', 0),
(960, 6, '2024-08-27', '10', 'APARNA MADAM', 3, 19, 'PUNE', 'BAPTE', '', 1, 'O', '', 0, NULL, NULL, '', 'A', '2024-08-27 17:51:13', 1, '0000-00-00 00:00:00', 0),
(961, 7, '2024-08-27', '10', 'VARSHINI VARSHINI', 33, 21, 'VISHAKHAPATTANAM,AP', 'DGM', '', 1, 'O', '', 0, NULL, NULL, '', 'A', '2024-08-27 18:20:49', 1, '0000-00-00 00:00:00', 0),
(962, 8, '2024-08-27', '10', 'ANUSHA SINHA', 33, 21, 'BILASPUR,CHHATTISGARH', 'DGM', '', 1, 'O', '', 0, NULL, NULL, '', 'A', '2024-08-27 18:22:46', 1, '0000-00-00 00:00:00', 0),
(963, 9, '2024-08-27', '10', 'VARSHA ', 33, 21, 'VILE PARLE W,MUMBAI', 'DGM', '', 1, 'O', '', 0, NULL, NULL, '', 'A', '2024-08-27 18:24:27', 1, '0000-00-00 00:00:00', 0),
(964, 10, '2024-08-27', '10', 'ADV ANIL S BAJAJ', 15, 19, 'CHH SAMBHAJINAGAR', 'ADV PAWBAKE', '', 1, 'O', '', 0, NULL, NULL, '', 'A', '2024-08-27 18:25:57', 1, '0000-00-00 00:00:00', 0),
(965, 1, '2024-08-28', '9', 'VARSHA AGRAWAL', 37, 26, 'JALNA', 'IHM', '182100342082', 1, 'I', '', 0, NULL, NULL, '', 'A', '2024-08-28 11:30:09', 1, '0000-00-00 00:00:00', 0);

-- --------------------------------------------------------

--
-- Table structure for table `post_type`
--

CREATE TABLE `post_type` (
  `post_id` int(100) NOT NULL,
  `post_name` varchar(100) NOT NULL,
  `status` char(1) NOT NULL
) ENGINE=InnoDB DEFAULT CHARSET=utf8mb4 COLLATE=utf8mb4_general_ci;

--
-- Dumping data for table `post_type`
--

INSERT INTO `post_type` (`post_id`, `post_name`, `status`) VALUES
(1, 'BOOK POST', 'A'),
(2, 'COURIER AD#', 'A'),
(3, 'COURIER B#', 'A'),
(4, 'COURIER M#', 'A'),
(5, 'COURIER O#', 'A'),
(6, 'COURIER P#', 'A'),
(7, 'COURIER Q#', 'A'),
(8, 'COURIER U#', 'A'),
(9, 'COURIER X#', 'A'),
(10, 'COURIER Y#', 'A'),
(11, 'ENVELOPE', 'A'),
(12, 'FORIEGN ENV.', 'A'),
(13, 'INLAND', 'A'),
(14, 'MONEY ORDER#', 'A'),
(15, 'NOT PAID#', 'A'),
(16, 'POST CARD', 'A'),
(17, 'REG. A. D.', 'A'),
(18, 'REG. PARCEL', 'A'),
(19, 'SPPED POST', 'A'),
(20, 'U. P. C.', 'A'),
(21, 'U. R. PARCEL', 'A'),
(22, 'BY HAND', 'A'),
(23, 'REG PARCEL', 'A');

-- --------------------------------------------------------

--
-- Table structure for table `stamp_pur`
--

CREATE TABLE `stamp_pur` (
  `pur_date` date NOT NULL,
  `stamp_id` int(10) NOT NULL,
  `firm_name` int(10) NOT NULL,
  `rec_no` varchar(100) NOT NULL,
  `pay_date` date NOT NULL,
  `stamp` varchar(10) NOT NULL,
  `fr_machine` varchar(10) NOT NULL,
  `remark` varchar(500) NOT NULL
) ENGINE=InnoDB DEFAULT CHARSET=utf8mb4 COLLATE=utf8mb4_general_ci;

-- --------------------------------------------------------

--
-- Table structure for table `users`
--

CREATE TABLE `users` (
  `user_id` int(10) NOT NULL,
  `username` varchar(100) NOT NULL,
  `password` varchar(200) NOT NULL,
  `status` char(1) NOT NULL,
  `role` varchar(100) NOT NULL,
  `first_name` varchar(100) NOT NULL,
  `middle_name` varchar(100) NOT NULL,
  `last_name` varchar(100) NOT NULL,
  `email_id` varchar(100) NOT NULL,
  `mobile` int(20) NOT NULL
) ENGINE=InnoDB DEFAULT CHARSET=utf8mb4 COLLATE=utf8mb4_general_ci;

--
-- Dumping data for table `users`
--

INSERT INTO `users` (`user_id`, `username`, `password`, `status`, `role`, `first_name`, `middle_name`, `last_name`, `email_id`, `mobile`) VALUES
(1, 'admin@gmail.com', '$2b$10$TreMTC2qi87xfwOWhjIkROP6KgkGn5oKh/uB3dPeMJypYw2F5JSda', 'A', 'admin', 'Ravindra', 'Admin', 'Gholap', 'admin@gmail.com', 1234567890),
(2, 'user@gmail.com', '$2b$10$TreMTC2qi87xfwOWhjIkROP6KgkGn5oKh/uB3dPeMJypYw2F5JSda', 'A', 'user', 'user', 'user', 'user', 'user@gmail.com', 1234567890),
(3, 'akash@gmail.com', '$2b$10$DLuh6AcJfFJ.Us74jXJHcOEgZ4N4P3SqI6WVpKmwgEFabZpsre4uW', 'A', 'admin', 'Akash', 'Daulat', 'Dighe', 'akash@gmail.com', 2147483647);

-- --------------------------------------------------------

--
-- Table structure for table `voucher_entry`
--

CREATE TABLE `voucher_entry` (
  `v_no` int(10) NOT NULL,
  `v_date` date NOT NULL,
  `receipt_no` varchar(10) NOT NULL,
  `paid_date` date NOT NULL,
  `firm_name` int(10) NOT NULL,
  `stamp` varchar(10) NOT NULL,
  `fr_machine` varchar(10) NOT NULL,
  `remark` varchar(500) NOT NULL
) ENGINE=InnoDB DEFAULT CHARSET=utf8mb4 COLLATE=utf8mb4_general_ci;

--
-- Dumping data for table `voucher_entry`
--

INSERT INTO `voucher_entry` (`v_no`, `v_date`, `receipt_no`, `paid_date`, `firm_name`, `stamp`, `fr_machine`, `remark`) VALUES
(1, '2024-07-01', '20', '2024-07-18', 2, '20', '30', 'test'),
(2, '2024-07-18', '220', '2024-07-18', 4, '1234', '4321', 'testing...'),
(3, '0000-00-00', '', '0000-00-00', 0, '', '', ''),
(4, '0000-00-00', '', '0000-00-00', 0, '', '', ''),
(5, '2024-07-23', 'A123', '2024-07-30', 2, '12', 'vfc12', 'testing');

--
-- Indexes for dumped tables
--

--
-- Indexes for table `cities`
--
ALTER TABLE `cities`
  ADD PRIMARY KEY (`city_id`);

--
-- Indexes for table `dept`
--
ALTER TABLE `dept`
  ADD PRIMARY KEY (`dept_id`);

--
-- Indexes for table `firms`
--
ALTER TABLE `firms`
  ADD PRIMARY KEY (`firm_id`);

--
-- Indexes for table `post_entry`
--
ALTER TABLE `post_entry`
  ADD PRIMARY KEY (`sr_no`);

--
-- Indexes for table `post_type`
--
ALTER TABLE `post_type`
  ADD PRIMARY KEY (`post_id`);

--
-- Indexes for table `stamp_pur`
--
ALTER TABLE `stamp_pur`
  ADD PRIMARY KEY (`stamp_id`);

--
-- Indexes for table `users`
--
ALTER TABLE `users`
  ADD PRIMARY KEY (`user_id`);

--
-- Indexes for table `voucher_entry`
--
ALTER TABLE `voucher_entry`
  ADD PRIMARY KEY (`v_no`);

--
-- AUTO_INCREMENT for dumped tables
--

--
-- AUTO_INCREMENT for table `cities`
--
ALTER TABLE `cities`
  MODIFY `city_id` int(100) NOT NULL AUTO_INCREMENT, AUTO_INCREMENT=165;

--
-- AUTO_INCREMENT for table `dept`
--
ALTER TABLE `dept`
  MODIFY `dept_id` int(100) NOT NULL AUTO_INCREMENT, AUTO_INCREMENT=51;

--
-- AUTO_INCREMENT for table `firms`
--
ALTER TABLE `firms`
  MODIFY `firm_id` int(100) NOT NULL AUTO_INCREMENT, AUTO_INCREMENT=39;

--
-- AUTO_INCREMENT for table `post_entry`
--
ALTER TABLE `post_entry`
  MODIFY `sr_no` int(10) NOT NULL AUTO_INCREMENT, AUTO_INCREMENT=966;

--
-- AUTO_INCREMENT for table `post_type`
--
ALTER TABLE `post_type`
  MODIFY `post_id` int(100) NOT NULL AUTO_INCREMENT, AUTO_INCREMENT=24;

--
-- AUTO_INCREMENT for table `stamp_pur`
--
ALTER TABLE `stamp_pur`
  MODIFY `stamp_id` int(10) NOT NULL AUTO_INCREMENT;

--
-- AUTO_INCREMENT for table `users`
--
ALTER TABLE `users`
  MODIFY `user_id` int(10) NOT NULL AUTO_INCREMENT, AUTO_INCREMENT=4;

--
-- AUTO_INCREMENT for table `voucher_entry`
--
ALTER TABLE `voucher_entry`
  MODIFY `v_no` int(10) NOT NULL AUTO_INCREMENT, AUTO_INCREMENT=6;
COMMIT;

/*!40101 SET CHARACTER_SET_CLIENT=@OLD_CHARACTER_SET_CLIENT */;
/*!40101 SET CHARACTER_SET_RESULTS=@OLD_CHARACTER_SET_RESULTS */;
/*!40101 SET COLLATION_CONNECTION=@OLD_COLLATION_CONNECTION */;
